profile_id,target_symbol,baseline_rank,baseline_score,scenario_count,best_scenario_rank,worst_scenario_rank,mean_scenario_rank,mean_absolute_rank_change,max_absolute_rank_change,mean_absolute_score_change,max_absolute_score_change,baseline_top_5,top_5_membership_rate,baseline_top_10,top_10_membership_rate,baseline_top_20,top_20_membership_rate
antibody_io,CTLA4,1,0.8534,14,1,1,1.0,0.0,0,0.0037,0.0061,True,1.0,True,1.0,True,1.0
antibody_io,PDCD1,2,0.8274,14,2,2,2.0,0.0,0,0.0039,0.0071,True,1.0,True,1.0,True,1.0
antibody_io,CD274,3,0.8249,14,3,3,3.0,0.0,0,0.004,0.0073,True,1.0,True,1.0,True,1.0
antibody_io,LAG3,4,0.8218,14,4,4,4.0,0.0,0,0.0041,0.0074,True,1.0,True,1.0,True,1.0
antibody_io,HAVCR2,5,0.725,14,5,5,5.0,0.0,0,0.0071,0.0224,True,1.0,True,1.0,True,1.0
antibody_io,TIGIT,6,0.725,14,6,6,6.0,0.0,0,0.0071,0.0224,False,0.0,True,1.0,True,1.0
antibody_io,CSF1R,7,0.6735,14,7,8,7.3571,0.3571,1,0.0063,0.0208,False,0.0,True,1.0,True,1.0
antibody_io,LILRB1,8,0.6735,14,8,9,8.3571,0.3571,1,0.0063,0.0208,False,0.0,True,1.0,True,1.0
antibody_io,LILRB2,9,0.6735,14,9,10,9.3571,0.3571,1,0.0063,0.0208,False,0.0,True,1.0,True,1.0
antibody_io,MARCO,10,0.6735,14,10,11,10.3571,0.3571,1,0.0063,0.0208,False,0.0,True,0.6429,True,1.0
antibody_io,MERTK,11,0.6735,14,11,12,11.3571,0.3571,1,0.0063,0.0208,False,0.0,False,0.0,True,1.0
antibody_io,TREM2,12,0.6735,14,12,13,12.3571,0.3571,1,0.0063,0.0208,False,0.0,False,0.0,True,1.0
antibody_io,IL2RA,13,0.6726,14,7,13,10.8571,2.1429,6,0.0015,0.0033,False,0.0,False,0.3571,True,1.0
antibody_io,CXCL12,14,0.6035,14,14,14,14.0,0.0,0,0.0055,0.0187,False,0.0,False,0.0,True,1.0
antibody_io,TGFB1,15,0.6035,14,15,15,15.0,0.0,0,0.0055,0.0187,False,0.0,False,0.0,True,1.0
antibody_io,TNFRSF18,16,0.571,14,16,16,16.0,0.0,0,0.0051,0.0177,False,0.0,False,0.0,True,1.0
antibody_io,CXCR4,17,0.563,14,17,17,17.0,0.0,0,0.0052,0.0174,False,0.0,False,0.0,True,1.0
antibody_io,TGFBR1,18,0.563,14,18,18,18.0,0.0,0,0.0052,0.0174,False,0.0,False,0.0,True,1.0
antibody_io,ARG1,19,0.541,14,19,19,19.0,0.0,0,0.0088,0.0167,False,0.0,False,0.0,True,1.0
antibody_io,IDO1,20,0.541,14,20,20,20.0,0.0,0,0.0088,0.0167,False,0.0,False,0.0,True,1.0
antibody_io,ENTPD1,21,0.523,14,21,21,21.0,0.0,0,0.0094,0.0176,False,0.0,False,0.0,False,0.0
antibody_io,NT5E,22,0.523,14,22,22,22.0,0.0,0,0.0094,0.0176,False,0.0,False,0.0,False,0.0
antibody_io,AXL,23,0.441,14,23,23,23.0,0.0,0,0.0067,0.0136,False,0.0,False,0.0,False,0.0
antibody_io,NGFR,24,0.423,14,24,24,24.0,0.0,0,0.0073,0.0136,False,0.0,False,0.0,False,0.0
antibody_io,WNT5A,25,0.423,14,25,25,25.0,0.0,0,0.0073,0.0136,False,0.0,False,0.0,False,0.0
antibody_io,NRAS,26,0.3009,14,26,26,26.0,0.0,0,0.0087,0.0188,False,0.0,False,0.0,False,0.0
antibody_io,BRAF,27,0.269,14,27,27,27.0,0.0,0,0.0092,0.0195,False,0.0,False,0.0,False,0.0
antibody_io,MAP2K1,28,0.2621,14,28,28,28.0,0.0,0,0.009,0.0192,False,0.0,False,0.0,False,0.0
antibody_io,B2M,29,0.2272,14,29,29,29.0,0.0,0,0.0081,0.0178,False,0.0,False,0.0,False,0.0
antibody_io,JAK2,30,0.2149,14,30,30,30.0,0.0,0,0.0079,0.0173,False,0.0,False,0.0,False,0.0
antibody_io,JAK1,31,0.2139,14,31,31,31.0,0.0,0,0.0079,0.0172,False,0.0,False,0.0,False,0.0
antibody_io,HLA-A,32,0.1335,14,32,32,32.0,0.0,0,0.0093,0.0153,False,0.0,False,0.0,False,0.0
antibody_io,HLA-B,33,0.1335,14,33,33,33.0,0.0,0,0.0093,0.0153,False,0.0,False,0.0,False,0.0
antibody_io,IFNGR1,34,0.1335,14,34,34,34.0,0.0,0,0.0093,0.0153,False,0.0,False,0.0,False,0.0
antibody_io,IRF1,35,0.1335,14,35,35,35.0,0.0,0,0.0093,0.0153,False,0.0,False,0.0,False,0.0
antibody_io,STAT1,36,0.1335,14,36,36,36.0,0.0,0,0.0093,0.0153,False,0.0,False,0.0,False,0.0
antibody_io,TAP1,37,0.1335,14,37,37,37.0,0.0,0,0.0093,0.0153,False,0.0,False,0.0,False,0.0
antibody_io,TAP2,38,0.1335,14,38,38,38.0,0.0,0,0.0093,0.0153,False,0.0,False,0.0,False,0.0
antibody_io,CDKN2A,39,0.0,14,39,39,39.0,0.0,0,0.0,0.0,False,0.0,False,0.0,False,0.0
antibody_io,BAP1,40,0.0,14,40,40,40.0,0.0,0,0.0,0.0,False,0.0,False,0.0,False,0.0
antibody_io,MAP2K2,41,0.0,14,41,41,41.0,0.0,0,0.0,0.0,False,0.0,False,0.0,False,0.0
antibody_io,PTEN,42,0.0,14,42,42,42.0,0.0,0,0.0,0.0,False,0.0,False,0.0,False,0.0
antibody_io,MITF,43,0.0,14,43,43,43.0,0.0,0,0.0,0.0,False,0.0,False,0.0,False,0.0
antibody_io,NF1,44,0.0,14,44,44,44.0,0.0,0,0.0,0.0,False,0.0,False,0.0,False,0.0
antibody_io,CDK4,45,0.0,14,45,45,45.0,0.0,0,0.0,0.0,False,0.0,False,0.0,False,0.0
antibody_io,GNAQ,46,0.0,14,46,46,46.0,0.0,0,0.0,0.0,False,0.0,False,0.0,False,0.0
antibody_io,ARID2,47,0.0,14,47,47,47.0,0.0,0,0.0,0.0,False,0.0,False,0.0,False,0.0
antibody_io,KIT,48,0.0,14,48,48,48.0,0.0,0,0.0,0.0,False,0.0,False,0.0,False,0.0
antibody_io,RAC1,49,0.0,14,49,49,49.0,0.0,0,0.0,0.0,False,0.0,False,0.0,False,0.0
antibody_io,TERT,50,0.0,14,50,50,50.0,0.0,0,0.0,0.0,False,0.0,False,0.0,False,0.0
antibody_io,GNA11,51,0.0,14,51,51,51.0,0.0,0,0.0,0.0,False,0.0,False,0.0,False,0.0
antibody_io,POT1,52,0.0,14,52,52,52.0,0.0,0,0.0,0.0,False,0.0,False,0.0,False,0.0
antibody_io,MBD4,53,0.0,14,53,53,53.0,0.0,0,0.0,0.0,False,0.0,False,0.0,False,0.0
antibody_io,TP53,54,0.0,14,54,54,54.0,0.0,0,0.0,0.0,False,0.0,False,0.0,False,0.0
antibody_io,SF3B1,55,0.0,14,55,55,55.0,0.0,0,0.0,0.0,False,0.0,False,0.0,False,0.0
antibody_io,PPP6C,56,0.0,14,56,56,56.0,0.0,0,0.0,0.0,False,0.0,False,0.0,False,0.0
antibody_io,IRF4,57,0.0,14,57,57,57.0,0.0,0,0.0,0.0,False,0.0,False,0.0,False,0.0
antibody_io,BRCA2,58,0.0,14,58,58,58.0,0.0,0,0.0,0.0,False,0.0,False,0.0,False,0.0
antibody_io,RAF1,59,0.0,14,59,59,59.0,0.0,0,0.0,0.0,False,0.0,False,0.0,False,0.0
antibody_io,KDR,60,0.0,14,60,60,60.0,0.0,0,0.0,0.0,False,0.0,False,0.0,False,0.0
antibody_io,PDGFRA,61,0.0,14,61,61,61.0,0.0,0,0.0,0.0,False,0.0,False,0.0,False,0.0
antibody_io,ATM,62,0.0,14,62,62,62.0,0.0,0,0.0,0.0,False,0.0,False,0.0,False,0.0
antibody_io,LRP1B,63,0.0,14,63,63,63.0,0.0,0,0.0,0.0,False,0.0,False,0.0,False,0.0
antibody_io,FLT4,64,0.0,14,64,64,64.0,0.0,0,0.0,0.0,False,0.0,False,0.0,False,0.0
antibody_io,CSF3R,65,0.0,14,65,65,65.0,0.0,0,0.0,0.0,False,0.0,False,0.0,False,0.0
antibody_io,PDGFRB,66,0.0,14,66,66,66.0,0.0,0,0.0,0.0,False,0.0,False,0.0,False,0.0
antibody_io,TET2,67,0.0,14,67,67,67.0,0.0,0,0.0,0.0,False,0.0,False,0.0,False,0.0
antibody_io,POLE,68,0.0,14,68,68,68.0,0.0,0,0.0,0.0,False,0.0,False,0.0,False,0.0
antibody_io,DDX3X,69,0.0,14,69,69,69.0,0.0,0,0.0,0.0,False,0.0,False,0.0,False,0.0
antibody_io,FOXP1,70,0.0,14,70,70,70.0,0.0,0,0.0,0.0,False,0.0,False,0.0,False,0.0
antibody_io,PBRM1,71,0.0,14,71,71,71.0,0.0,0,0.0,0.0,False,0.0,False,0.0,False,0.0
antibody_io,SETD2,72,0.0,14,72,72,72.0,0.0,0,0.0,0.0,False,0.0,False,0.0,False,0.0
antibody_io,CCND1,73,0.0,14,73,73,73.0,0.0,0,0.0,0.0,False,0.0,False,0.0,False,0.0
antibody_io,ERBB4,74,0.0,14,74,74,74.0,0.0,0,0.0,0.0,False,0.0,False,0.0,False,0.0
antibody_io,MET,75,0.0,14,75,75,75.0,0.0,0,0.0,0.0,False,0.0,False,0.0,False,0.0
antibody_io,STK11,76,0.0,14,76,76,76.0,0.0,0,0.0,0.0,False,0.0,False,0.0,False,0.0
antibody_io,ROS1,77,0.0,14,77,77,77.0,0.0,0,0.0,0.0,False,0.0,False,0.0,False,0.0
antibody_io,MTOR,78,0.0,14,78,78,78.0,0.0,0,0.0,0.0,False,0.0,False,0.0,False,0.0
antibody_io,H3-3B,79,0.0,14,79,79,79.0,0.0,0,0.0,0.0,False,0.0,False,0.0,False,0.0
antibody_io,TRRAP,80,0.0,14,80,80,80.0,0.0,0,0.0,0.0,False,0.0,False,0.0,False,0.0
antibody_io,MC1R,81,0.0,14,81,81,81.0,0.0,0,0.0,0.0,False,0.0,False,0.0,False,0.0
antibody_io,IKZF1,82,0.0,14,82,82,82.0,0.0,0,0.0,0.0,False,0.0,False,0.0,False,0.0
antibody_io,FAT1,83,0.0,14,83,83,83.0,0.0,0,0.0,0.0,False,0.0,False,0.0,False,0.0
antibody_io,DICER1,84,0.0,14,84,84,84.0,0.0,0,0.0,0.0,False,0.0,False,0.0,False,0.0
antibody_io,MDM2,85,0.0,14,85,85,85.0,0.0,0,0.0,0.0,False,0.0,False,0.0,False,0.0
antibody_io,IFNAR1,86,0.0,14,86,86,86.0,0.0,0,0.0,0.0,False,0.0,False,0.0,False,0.0
antibody_io,MECOM,87,0.0,14,87,87,87.0,0.0,0,0.0,0.0,False,0.0,False,0.0,False,0.0
antibody_io,WRN,88,0.0,14,88,88,88.0,0.0,0,0.0,0.0,False,0.0,False,0.0,False,0.0
antibody_io,CHEK2,89,0.0,14,89,89,89.0,0.0,0,0.0,0.0,False,0.0,False,0.0,False,0.0
antibody_io,ATR,90,0.0,14,90,90,90.0,0.0,0,0.0,0.0,False,0.0,False,0.0,False,0.0
antibody_io,CUX1,91,0.0,14,91,91,91.0,0.0,0,0.0,0.0,False,0.0,False,0.0,False,0.0
antibody_io,KMT2D,92,0.0,14,92,92,92.0,0.0,0,0.0,0.0,False,0.0,False,0.0,False,0.0
antibody_io,EP300,93,0.0,14,93,93,93.0,0.0,0,0.0,0.0,False,0.0,False,0.0,False,0.0
antibody_io,ESR1,94,0.0,14,94,94,94.0,0.0,0,0.0,0.0,False,0.0,False,0.0,False,0.0
antibody_io,BRCA1,95,0.0,14,95,95,95.0,0.0,0,0.0,0.0,False,0.0,False,0.0,False,0.0
antibody_io,AKT1,96,0.0,14,96,96,96.0,0.0,0,0.0,0.0,False,0.0,False,0.0,False,0.0
antibody_io,NTRK1,97,0.0,14,97,97,97.0,0.0,0,0.0,0.0,False,0.0,False,0.0,False,0.0
antibody_io,ERBB2,98,0.0,14,98,98,98.0,0.0,0,0.0,0.0,False,0.0,False,0.0,False,0.0
antibody_io,PREX2,99,0.0,14,99,99,99.0,0.0,0,0.0,0.0,False,0.0,False,0.0,False,0.0
antibody_io,FAT4,100,0.0,14,100,100,100.0,0.0,0,0.0,0.0,False,0.0,False,0.0,False,0.0
antibody_io,KMT2C,101,0.0,14,101,101,101.0,0.0,0,0.0,0.0,False,0.0,False,0.0,False,0.0
antibody_io,POLQ,102,0.0,14,102,102,102.0,0.0,0,0.0,0.0,False,0.0,False,0.0,False,0.0
antibody_io,FGFR2,103,0.0,14,103,103,103.0,0.0,0,0.0,0.0,False,0.0,False,0.0,False,0.0
antibody_io,TP63,104,0.0,14,104,104,104.0,0.0,0,0.0,0.0,False,0.0,False,0.0,False,0.0
antibody_io,FGFR4,105,0.0,14,105,105,105.0,0.0,0,0.0,0.0,False,0.0,False,0.0,False,0.0
antibody_io,GRIN2A,106,0.0,14,106,106,106.0,0.0,0,0.0,0.0,False,0.0,False,0.0,False,0.0
antibody_io,UBR5,107,0.0,14,107,107,107.0,0.0,0,0.0,0.0,False,0.0,False,0.0,False,0.0
antibody_io,OCA2,108,0.0,14,108,108,108.0,0.0,0,0.0,0.0,False,0.0,False,0.0,False,0.0
antibody_io,SMARCA4,109,0.0,14,109,109,109.0,0.0,0,0.0,0.0,False,0.0,False,0.0,False,0.0
antibody_io,IFNAR2,110,0.0,14,110,110,110.0,0.0,0,0.0,0.0,False,0.0,False,0.0,False,0.0
antibody_io,FGFR1,111,0.0,14,111,111,111.0,0.0,0,0.0,0.0,False,0.0,False,0.0,False,0.0
antibody_io,PTPRB,112,0.0,14,112,112,112.0,0.0,0,0.0,0.0,False,0.0,False,0.0,False,0.0
antibody_io,PTPRT,113,0.0,14,113,113,113.0,0.0,0,0.0,0.0,False,0.0,False,0.0,False,0.0
antibody_io,PTPN11,114,0.0,14,114,114,114.0,0.0,0,0.0,0.0,False,0.0,False,0.0,False,0.0
antibody_io,MDM4,115,0.0,14,115,115,115.0,0.0,0,0.0,0.0,False,0.0,False,0.0,False,0.0
antibody_io,TSC1,116,0.0,14,116,116,116.0,0.0,0,0.0,0.0,False,0.0,False,0.0,False,0.0
antibody_io,TBX3,117,0.0,14,117,117,117.0,0.0,0,0.0,0.0,False,0.0,False,0.0,False,0.0
antibody_io,ERBB3,118,0.0,14,118,118,118.0,0.0,0,0.0,0.0,False,0.0,False,0.0,False,0.0
antibody_io,ATRX,119,0.0,14,119,119,119.0,0.0,0,0.0,0.0,False,0.0,False,0.0,False,0.0
antibody_io,RUNX1T1,120,0.0,14,120,120,120.0,0.0,0,0.0,0.0,False,0.0,False,0.0,False,0.0
antibody_io,CDK12,121,0.0,14,121,121,121.0,0.0,0,0.0,0.0,False,0.0,False,0.0,False,0.0
antibody_io,TYR,122,0.0,14,122,122,122.0,0.0,0,0.0,0.0,False,0.0,False,0.0,False,0.0
antibody_io,RB1,123,0.0,14,123,123,123.0,0.0,0,0.0,0.0,False,0.0,False,0.0,False,0.0
antibody_io,AKT2,124,0.0,14,124,124,124.0,0.0,0,0.0,0.0,False,0.0,False,0.0,False,0.0
antibody_io,PTPRK,125,0.0,14,125,125,125.0,0.0,0,0.0,0.0,False,0.0,False,0.0,False,0.0
antibody_io,CBL,126,0.0,14,126,126,126.0,0.0,0,0.0,0.0,False,0.0,False,0.0,False,0.0
antibody_io,DNMT3A,127,0.0,14,127,127,127.0,0.0,0,0.0,0.0,False,0.0,False,0.0,False,0.0
antibody_io,RRM2,128,0.0,14,128,128,128.0,0.0,0,0.0,0.0,False,0.0,False,0.0,False,0.0
antibody_io,KLF6,129,0.0,14,129,129,129.0,0.0,0,0.0,0.0,False,0.0,False,0.0,False,0.0
antibody_io,AR,130,0.0,14,130,130,130.0,0.0,0,0.0,0.0,False,0.0,False,0.0,False,0.0
antibody_io,KMT2A,131,0.0,14,131,131,131.0,0.0,0,0.0,0.0,False,0.0,False,0.0,False,0.0
antibody_io,CYLD,132,0.0,14,132,132,132.0,0.0,0,0.0,0.0,False,0.0,False,0.0,False,0.0
antibody_io,RPL5,133,0.0,14,133,133,133.0,0.0,0,0.0,0.0,False,0.0,False,0.0,False,0.0
antibody_io,ERCC2,134,0.0,14,134,134,134.0,0.0,0,0.0,0.0,False,0.0,False,0.0,False,0.0
antibody_io,IDH1,135,0.0,14,135,135,135.0,0.0,0,0.0,0.0,False,0.0,False,0.0,False,0.0
antibody_io,NOTCH2,136,0.0,14,136,136,136.0,0.0,0,0.0,0.0,False,0.0,False,0.0,False,0.0
antibody_io,CDK6,137,0.0,14,137,137,137.0,0.0,0,0.0,0.0,False,0.0,False,0.0,False,0.0
antibody_io,IKBKB,138,0.0,14,138,138,138.0,0.0,0,0.0,0.0,False,0.0,False,0.0,False,0.0
antibody_io,NTRK2,139,0.0,14,139,139,139.0,0.0,0,0.0,0.0,False,0.0,False,0.0,False,0.0
antibody_io,RRM2B,140,0.0,14,140,140,140.0,0.0,0,0.0,0.0,False,0.0,False,0.0,False,0.0
antibody_io,CASP8,141,0.0,14,141,141,141.0,0.0,0,0.0,0.0,False,0.0,False,0.0,False,0.0
antibody_io,POLD1,142,0.0,14,142,142,142.0,0.0,0,0.0,0.0,False,0.0,False,0.0,False,0.0
antibody_io,IL7R,143,0.0,14,143,143,143.0,0.0,0,0.0,0.0,False,0.0,False,0.0,False,0.0
antibody_io,QKI,144,0.0,14,144,144,144.0,0.0,0,0.0,0.0,False,0.0,False,0.0,False,0.0
antibody_io,GNAS,145,0.0,14,145,145,145.0,0.0,0,0.0,0.0,False,0.0,False,0.0,False,0.0
antibody_io,MYB,146,0.0,14,146,146,146.0,0.0,0,0.0,0.0,False,0.0,False,0.0,False,0.0
antibody_io,PTCH1,147,0.0,14,147,147,147.0,0.0,0,0.0,0.0,False,0.0,False,0.0,False,0.0
antibody_io,DDR2,148,0.0,14,148,148,148.0,0.0,0,0.0,0.0,False,0.0,False,0.0,False,0.0
antibody_io,PIK3R1,149,0.0,14,149,149,149.0,0.0,0,0.0,0.0,False,0.0,False,0.0,False,0.0
antibody_io,TSC2,150,0.0,14,150,150,150.0,0.0,0,0.0,0.0,False,0.0,False,0.0,False,0.0
antibody_io,PHOX2B,151,0.0,14,151,151,151.0,0.0,0,0.0,0.0,False,0.0,False,0.0,False,0.0
antibody_io,SETBP1,152,0.0,14,152,152,152.0,0.0,0,0.0,0.0,False,0.0,False,0.0,False,0.0
antibody_io,RRM1,153,0.0,14,153,153,153.0,0.0,0,0.0,0.0,False,0.0,False,0.0,False,0.0
antibody_io,SPEN,154,0.0,14,154,154,154.0,0.0,0,0.0,0.0,False,0.0,False,0.0,False,0.0
antibody_io,ARHGAP35,155,0.0,14,155,155,155.0,0.0,0,0.0,0.0,False,0.0,False,0.0,False,0.0
antibody_io,SYK,156,0.0,14,156,156,156.0,0.0,0,0.0,0.0,False,0.0,False,0.0,False,0.0
antibody_io,PAX5,157,0.0,14,157,157,157.0,0.0,0,0.0,0.0,False,0.0,False,0.0,False,0.0
antibody_io,CYP1B1,158,0.0,14,158,158,158.0,0.0,0,0.0,0.0,False,0.0,False,0.0,False,0.0
antibody_io,FANCA,159,0.0,14,159,159,159.0,0.0,0,0.0,0.0,False,0.0,False,0.0,False,0.0
antibody_io,CIITA,160,0.0,14,160,160,160.0,0.0,0,0.0,0.0,False,0.0,False,0.0,False,0.0
antibody_io,BCL9L,161,0.0,14,161,161,161.0,0.0,0,0.0,0.0,False,0.0,False,0.0,False,0.0
antibody_io,NUTM1,162,0.0,14,162,162,162.0,0.0,0,0.0,0.0,False,0.0,False,0.0,False,0.0
antibody_io,ARNT,163,0.0,14,163,163,163.0,0.0,0,0.0,0.0,False,0.0,False,0.0,False,0.0
antibody_io,CCND2,164,0.0,14,164,164,164.0,0.0,0,0.0,0.0,False,0.0,False,0.0,False,0.0
antibody_io,PER1,165,0.0,14,165,165,165.0,0.0,0,0.0,0.0,False,0.0,False,0.0,False,0.0
antibody_io,JUN,166,0.0,14,166,166,166.0,0.0,0,0.0,0.0,False,0.0,False,0.0,False,0.0
antibody_io,KAT6A,167,0.0,14,167,167,167.0,0.0,0,0.0,0.0,False,0.0,False,0.0,False,0.0
antibody_io,CBLB,168,0.0,14,168,168,168.0,0.0,0,0.0,0.0,False,0.0,False,0.0,False,0.0
antibody_io,HNF1A,169,0.0,14,169,169,169.0,0.0,0,0.0,0.0,False,0.0,False,0.0,False,0.0
antibody_io,BCL11A,170,0.0,14,170,170,170.0,0.0,0,0.0,0.0,False,0.0,False,0.0,False,0.0
antibody_io,USP6,171,0.0,14,171,171,171.0,0.0,0,0.0,0.0,False,0.0,False,0.0,False,0.0
antibody_io,MYCN,172,0.0,14,172,172,172.0,0.0,0,0.0,0.0,False,0.0,False,0.0,False,0.0
antibody_io,PRDM1,173,0.0,14,173,173,173.0,0.0,0,0.0,0.0,False,0.0,False,0.0,False,0.0
antibody_io,AFDN,174,0.0,14,174,174,174.0,0.0,0,0.0,0.0,False,0.0,False,0.0,False,0.0
antibody_io,IL2RG,175,0.0,14,175,175,175.0,0.0,0,0.0,0.0,False,0.0,False,0.0,False,0.0
antibody_io,IL2RB,176,0.0,14,176,176,176.0,0.0,0,0.0,0.0,False,0.0,False,0.0,False,0.0
antibody_io,SMAD2,177,0.0,14,177,177,177.0,0.0,0,0.0,0.0,False,0.0,False,0.0,False,0.0
antibody_io,AXIN1,178,0.0,14,178,178,178.0,0.0,0,0.0,0.0,False,0.0,False,0.0,False,0.0
antibody_io,SALL4,179,0.0,14,179,179,179.0,0.0,0,0.0,0.0,False,0.0,False,0.0,False,0.0
antibody_io,NFKBIE,180,0.0,14,180,180,180.0,0.0,0,0.0,0.0,False,0.0,False,0.0,False,0.0
antibody_io,HGF,181,0.0,14,181,181,181.0,0.0,0,0.0,0.0,False,0.0,False,0.0,False,0.0
antibody_io,PPP2R1A,182,0.0,14,182,182,182.0,0.0,0,0.0,0.0,False,0.0,False,0.0,False,0.0
antibody_io,BCOR,183,0.0,14,183,183,183.0,0.0,0,0.0,0.0,False,0.0,False,0.0,False,0.0
antibody_io,ERCC3,184,0.0,14,184,184,184.0,0.0,0,0.0,0.0,False,0.0,False,0.0,False,0.0
antibody_io,FANCD2,185,0.0,14,185,185,185.0,0.0,0,0.0,0.0,False,0.0,False,0.0,False,0.0
antibody_io,DAXX,186,0.0,14,186,186,186.0,0.0,0,0.0,0.0,False,0.0,False,0.0,False,0.0
antibody_io,PTPRC,187,0.0,14,187,187,187.0,0.0,0,0.0,0.0,False,0.0,False,0.0,False,0.0
antibody_io,MYH9,188,0.0,14,188,188,188.0,0.0,0,0.0,0.0,False,0.0,False,0.0,False,0.0
antibody_io,ARID1B,189,0.0,14,189,189,189.0,0.0,0,0.0,0.0,False,0.0,False,0.0,False,0.0
antibody_io,LZTR1,190,0.0,14,190,190,190.0,0.0,0,0.0,0.0,False,0.0,False,0.0,False,0.0
antibody_io,CIC,191,0.0,14,191,191,191.0,0.0,0,0.0,0.0,False,0.0,False,0.0,False,0.0
antibody_io,CREBBP,192,0.0,14,192,192,192.0,0.0,0,0.0,0.0,False,0.0,False,0.0,False,0.0
antibody_io,MYCL,193,0.0,14,193,193,193.0,0.0,0,0.0,0.0,False,0.0,False,0.0,False,0.0
antibody_io,SLC45A2,194,0.0,14,194,194,194.0,0.0,0,0.0,0.0,False,0.0,False,0.0,False,0.0
antibody_io,FCRL4,195,0.0,14,195,195,195.0,0.0,0,0.0,0.0,False,0.0,False,0.0,False,0.0
antibody_io,MAP3K13,196,0.0,14,196,196,196.0,0.0,0,0.0,0.0,False,0.0,False,0.0,False,0.0
antibody_io,CNOT3,197,0.0,14,197,197,197.0,0.0,0,0.0,0.0,False,0.0,False,0.0,False,0.0
antibody_io,FLG,198,0.0,14,198,198,198.0,0.0,0,0.0,0.0,False,0.0,False,0.0,False,0.0
antibody_io,AMER1,199,0.0,14,199,199,199.0,0.0,0,0.0,0.0,False,0.0,False,0.0,False,0.0
antibody_io,ATF1,200,0.0,14,200,200,200.0,0.0,0,0.0,0.0,False,0.0,False,0.0,False,0.0
antibody_io,ERCC5,201,0.0,14,201,201,201.0,0.0,0,0.0,0.0,False,0.0,False,0.0,False,0.0
antibody_io,ERCC4,202,0.0,14,202,202,202.0,0.0,0,0.0,0.0,False,0.0,False,0.0,False,0.0
antibody_io,MX2,203,0.0,14,203,203,203.0,0.0,0,0.0,0.0,False,0.0,False,0.0,False,0.0
antibody_io,SUFU,204,0.0,14,204,204,204.0,0.0,0,0.0,0.0,False,0.0,False,0.0,False,0.0
antibody_io,NTRK3,205,0.0,14,205,205,205.0,0.0,0,0.0,0.0,False,0.0,False,0.0,False,0.0
antibody_io,ARID1A,206,0.0,14,206,206,206.0,0.0,0,0.0,0.0,False,0.0,False,0.0,False,0.0
antibody_io,PARP1,207,0.0,14,207,207,207.0,0.0,0,0.0,0.0,False,0.0,False,0.0,False,0.0
antibody_io,CARD11,208,0.0,14,208,208,208.0,0.0,0,0.0,0.0,False,0.0,False,0.0,False,0.0
antibody_io,RICTOR,209,0.0,14,209,209,209.0,0.0,0,0.0,0.0,False,0.0,False,0.0,False,0.0
antibody_io,BRD4,210,0.0,14,210,210,210.0,0.0,0,0.0,0.0,False,0.0,False,0.0,False,0.0
antibody_io,RET,211,0.0,14,211,211,211.0,0.0,0,0.0,0.0,False,0.0,False,0.0,False,0.0
antibody_io,EZH2,212,0.0,14,212,212,212.0,0.0,0,0.0,0.0,False,0.0,False,0.0,False,0.0
antibody_io,SMAD3,213,0.0,14,213,213,213.0,0.0,0,0.0,0.0,False,0.0,False,0.0,False,0.0
antibody_io,LCK,214,0.0,14,214,214,214.0,0.0,0,0.0,0.0,False,0.0,False,0.0,False,0.0
antibody_io,TFEB,215,0.0,14,215,215,215.0,0.0,0,0.0,0.0,False,0.0,False,0.0,False,0.0
antibody_io,CDX2,216,0.0,14,216,216,216.0,0.0,0,0.0,0.0,False,0.0,False,0.0,False,0.0
antibody_io,ACVR1B,217,0.0,14,217,217,217.0,0.0,0,0.0,0.0,False,0.0,False,0.0,False,0.0
antibody_io,PRF1,218,0.0,14,218,218,218.0,0.0,0,0.0,0.0,False,0.0,False,0.0,False,0.0
antibody_io,NCOR2,219,0.0,14,219,219,219.0,0.0,0,0.0,0.0,False,0.0,False,0.0,False,0.0
antibody_io,IRS4,220,0.0,14,220,220,220.0,0.0,0,0.0,0.0,False,0.0,False,0.0,False,0.0
antibody_io,SPOP,221,0.0,14,221,221,221.0,0.0,0,0.0,0.0,False,0.0,False,0.0,False,0.0
antibody_io,CREB1,222,0.0,14,222,222,222.0,0.0,0,0.0,0.0,False,0.0,False,0.0,False,0.0
antibody_io,TET1,223,0.0,14,223,223,223.0,0.0,0,0.0,0.0,False,0.0,False,0.0,False,0.0
antibody_io,EGFR,224,0.0,14,224,224,224.0,0.0,0,0.0,0.0,False,0.0,False,0.0,False,0.0
antibody_io,CRLF2,225,0.0,14,225,225,225.0,0.0,0,0.0,0.0,False,0.0,False,0.0,False,0.0
antibody_io,STN1,226,0.0,14,226,226,226.0,0.0,0,0.0,0.0,False,0.0,False,0.0,False,0.0
antibody_io,TFE3,227,0.0,14,227,227,227.0,0.0,0,0.0,0.0,False,0.0,False,0.0,False,0.0
antibody_io,TRAF7,228,0.0,14,228,228,228.0,0.0,0,0.0,0.0,False,0.0,False,0.0,False,0.0
antibody_io,NFKB2,229,0.0,14,229,229,229.0,0.0,0,0.0,0.0,False,0.0,False,0.0,False,0.0
antibody_io,AFF4,230,0.0,14,230,230,230.0,0.0,0,0.0,0.0,False,0.0,False,0.0,False,0.0
antibody_io,ARHGEF12,231,0.0,14,231,231,231.0,0.0,0,0.0,0.0,False,0.0,False,0.0,False,0.0
antibody_io,U2AF1,232,0.0,14,232,232,232.0,0.0,0,0.0,0.0,False,0.0,False,0.0,False,0.0
antibody_io,PMS2,233,0.0,14,233,233,233.0,0.0,0,0.0,0.0,False,0.0,False,0.0,False,0.0
antibody_io,ZBTB16,234,0.0,14,234,234,234.0,0.0,0,0.0,0.0,False,0.0,False,0.0,False,0.0
antibody_io,MTAP,235,0.0,14,235,235,235.0,0.0,0,0.0,0.0,False,0.0,False,0.0,False,0.0
antibody_io,MSH2,236,0.0,14,236,236,236.0,0.0,0,0.0,0.0,False,0.0,False,0.0,False,0.0
antibody_io,ZFHX3,237,0.0,14,237,237,237.0,0.0,0,0.0,0.0,False,0.0,False,0.0,False,0.0
antibody_io,KDM5A,238,0.0,14,238,238,238.0,0.0,0,0.0,0.0,False,0.0,False,0.0,False,0.0
antibody_io,CHD4,239,0.0,14,239,239,239.0,0.0,0,0.0,0.0,False,0.0,False,0.0,False,0.0
antibody_io,FBXO11,240,0.0,14,240,240,240.0,0.0,0,0.0,0.0,False,0.0,False,0.0,False,0.0
antibody_io,PTPN13,241,0.0,14,241,241,241.0,0.0,0,0.0,0.0,False,0.0,False,0.0,False,0.0
antibody_io,PLCG1,242,0.0,14,242,242,242.0,0.0,0,0.0,0.0,False,0.0,False,0.0,False,0.0
antibody_io,FAS,243,0.0,14,243,243,243.0,0.0,0,0.0,0.0,False,0.0,False,0.0,False,0.0
antibody_io,MAX,244,0.0,14,244,244,244.0,0.0,0,0.0,0.0,False,0.0,False,0.0,False,0.0
antibody_io,BCORL1,245,0.0,14,245,245,245.0,0.0,0,0.0,0.0,False,0.0,False,0.0,False,0.0
antibody_io,KNL1,246,0.0,14,246,246,246.0,0.0,0,0.0,0.0,False,0.0,False,0.0,False,0.0
antibody_io,BUB1B,247,0.0,14,247,247,247.0,0.0,0,0.0,0.0,False,0.0,False,0.0,False,0.0
antibody_io,NCOR1,248,0.0,14,248,248,248.0,0.0,0,0.0,0.0,False,0.0,False,0.0,False,0.0
antibody_io,ACKR3,249,0.0,14,249,249,249.0,0.0,0,0.0,0.0,False,0.0,False,0.0,False,0.0
antibody_io,SMO,250,0.0,14,250,250,250.0,0.0,0,0.0,0.0,False,0.0,False,0.0,False,0.0
antibody_io,WAS,251,0.0,14,251,251,251.0,0.0,0,0.0,0.0,False,0.0,False,0.0,False,0.0
antibody_io,NUP98,252,0.0,14,252,252,252.0,0.0,0,0.0,0.0,False,0.0,False,0.0,False,0.0
antibody_io,CACNA1D,253,0.0,14,253,253,253.0,0.0,0,0.0,0.0,False,0.0,False,0.0,False,0.0
antibody_io,FLT3,254,0.0,14,254,254,254.0,0.0,0,0.0,0.0,False,0.0,False,0.0,False,0.0
antibody_io,BTK,255,0.0,14,255,255,255.0,0.0,0,0.0,0.0,False,0.0,False,0.0,False,0.0
antibody_io,RANBP2,256,0.0,14,256,256,256.0,0.0,0,0.0,0.0,False,0.0,False,0.0,False,0.0
antibody_io,BCL11B,257,0.0,14,257,257,257.0,0.0,0,0.0,0.0,False,0.0,False,0.0,False,0.0
antibody_io,CLTC,258,0.0,14,258,258,258.0,0.0,0,0.0,0.0,False,0.0,False,0.0,False,0.0
antibody_io,MN1,259,0.0,14,259,259,259.0,0.0,0,0.0,0.0,False,0.0,False,0.0,False,0.0
antibody_io,MAP2K4,260,0.0,14,260,260,260.0,0.0,0,0.0,0.0,False,0.0,False,0.0,False,0.0
antibody_io,BCL9,261,0.0,14,261,261,261.0,0.0,0,0.0,0.0,False,0.0,False,0.0,False,0.0
antibody_io,BRD3,262,0.0,14,262,262,262.0,0.0,0,0.0,0.0,False,0.0,False,0.0,False,0.0
antibody_io,KAT6B,263,0.0,14,263,263,263.0,0.0,0,0.0,0.0,False,0.0,False,0.0,False,0.0
antibody_io,TBL1XR1,264,0.0,14,264,264,264.0,0.0,0,0.0,0.0,False,0.0,False,0.0,False,0.0
antibody_io,TMEM127,265,0.0,14,265,265,265.0,0.0,0,0.0,0.0,False,0.0,False,0.0,False,0.0
antibody_io,FANCF,266,0.0,14,266,266,266.0,0.0,0,0.0,0.0,False,0.0,False,0.0,False,0.0
antibody_io,PIK3CA,267,0.0,14,267,267,267.0,0.0,0,0.0,0.0,False,0.0,False,0.0,False,0.0
antibody_io,APC,268,0.0,14,268,268,268.0,0.0,0,0.0,0.0,False,0.0,False,0.0,False,0.0
antibody_io,NKX2-1,269,0.0,14,269,269,269.0,0.0,0,0.0,0.0,False,0.0,False,0.0,False,0.0
antibody_io,CTNNB1,270,0.0,14,270,270,270.0,0.0,0,0.0,0.0,False,0.0,False,0.0,False,0.0
antibody_io,MRTFA,271,0.0,14,271,271,271.0,0.0,0,0.0,0.0,False,0.0,False,0.0,False,0.0
antibody_io,KLF4,272,0.0,14,272,272,272.0,0.0,0,0.0,0.0,False,0.0,False,0.0,False,0.0
antibody_io,ZNF331,273,0.0,14,273,273,273.0,0.0,0,0.0,0.0,False,0.0,False,0.0,False,0.0
antibody_io,FGFR3,274,0.0,14,274,274,274.0,0.0,0,0.0,0.0,False,0.0,False,0.0,False,0.0
antibody_io,FH,275,0.0,14,275,275,275.0,0.0,0,0.0,0.0,False,0.0,False,0.0,False,0.0
antibody_io,MUTYH,276,0.0,14,276,276,276.0,0.0,0,0.0,0.0,False,0.0,False,0.0,False,0.0
antibody_io,TCL1A,277,0.0,14,277,277,277.0,0.0,0,0.0,0.0,False,0.0,False,0.0,False,0.0
antibody_io,CARS1,278,0.0,14,278,278,278.0,0.0,0,0.0,0.0,False,0.0,False,0.0,False,0.0
antibody_io,ATP2B3,279,0.0,14,279,279,279.0,0.0,0,0.0,0.0,False,0.0,False,0.0,False,0.0
antibody_io,PRDM16,280,0.0,14,280,280,280.0,0.0,0,0.0,0.0,False,0.0,False,0.0,False,0.0
antibody_io,PTK6,281,0.0,14,281,281,281.0,0.0,0,0.0,0.0,False,0.0,False,0.0,False,0.0
antibody_io,LATS2,282,0.0,14,282,282,282.0,0.0,0,0.0,0.0,False,0.0,False,0.0,False,0.0
antibody_io,RAD51C,283,0.0,14,283,283,283.0,0.0,0,0.0,0.0,False,0.0,False,0.0,False,0.0
antibody_io,STAT5B,284,0.0,14,284,284,284.0,0.0,0,0.0,0.0,False,0.0,False,0.0,False,0.0
antibody_io,IKZF3,285,0.0,14,285,285,285.0,0.0,0,0.0,0.0,False,0.0,False,0.0,False,0.0
antibody_io,CDKN2B,286,0.0,14,286,286,286.0,0.0,0,0.0,0.0,False,0.0,False,0.0,False,0.0
antibody_io,FANCE,287,0.0,14,287,287,287.0,0.0,0,0.0,0.0,False,0.0,False,0.0,False,0.0
antibody_io,TYRP1,288,0.0,14,288,288,288.0,0.0,0,0.0,0.0,False,0.0,False,0.0,False,0.0
antibody_io,BIRC3,289,0.0,14,289,289,289.0,0.0,0,0.0,0.0,False,0.0,False,0.0,False,0.0
antibody_io,ALK,290,0.0,14,290,290,290.0,0.0,0,0.0,0.0,False,0.0,False,0.0,False,0.0
antibody_io,FUBP1,291,0.0,14,291,291,291.0,0.0,0,0.0,0.0,False,0.0,False,0.0,False,0.0
antibody_io,PATZ1,292,0.0,14,292,292,292.0,0.0,0,0.0,0.0,False,0.0,False,0.0,False,0.0
antibody_io,FMN1,293,0.0,14,293,293,293.0,0.0,0,0.0,0.0,False,0.0,False,0.0,False,0.0
antibody_io,H3-3A,294,0.0,14,294,294,294.0,0.0,0,0.0,0.0,False,0.0,False,0.0,False,0.0
antibody_io,GATA2,295,0.0,14,295,295,295.0,0.0,0,0.0,0.0,False,0.0,False,0.0,False,0.0
antibody_io,APOBEC3B,296,0.0,14,296,296,296.0,0.0,0,0.0,0.0,False,0.0,False,0.0,False,0.0
antibody_io,BCL2,297,0.0,14,297,297,297.0,0.0,0,0.0,0.0,False,0.0,False,0.0,False,0.0
antibody_io,POU2AF1,298,0.0,14,298,298,298.0,0.0,0,0.0,0.0,False,0.0,False,0.0,False,0.0
antibody_io,PMEL,299,0.0,14,299,299,299.0,0.0,0,0.0,0.0,False,0.0,False,0.0,False,0.0
antibody_io,KRAS,300,0.0,14,300,300,300.0,0.0,0,0.0,0.0,False,0.0,False,0.0,False,0.0
antibody_io,TENT5C,301,0.0,14,301,301,301.0,0.0,0,0.0,0.0,False,0.0,False,0.0,False,0.0
antibody_io,CD79A,302,0.0,14,302,302,302.0,0.0,0,0.0,0.0,False,0.0,False,0.0,False,0.0
antibody_io,LPP,303,0.0,14,303,303,303.0,0.0,0,0.0,0.0,False,0.0,False,0.0,False,0.0
antibody_io,PLXNB2,304,0.0,14,304,304,304.0,0.0,0,0.0,0.0,False,0.0,False,0.0,False,0.0
antibody_io,SUZ12,305,0.0,14,305,305,305.0,0.0,0,0.0,0.0,False,0.0,False,0.0,False,0.0
antibody_io,CBFA2T3,306,0.0,14,306,306,306.0,0.0,0,0.0,0.0,False,0.0,False,0.0,False,0.0
antibody_io,NF2,307,0.0,14,307,307,307.0,0.0,0,0.0,0.0,False,0.0,False,0.0,False,0.0
antibody_io,MAPK1,308,0.0,14,308,308,308.0,0.0,0,0.0,0.0,False,0.0,False,0.0,False,0.0
antibody_io,KRT5,309,0.0,14,309,309,309.0,0.0,0,0.0,0.0,False,0.0,False,0.0,False,0.0
antibody_io,HRAS,310,0.0,14,310,310,310.0,0.0,0,0.0,0.0,False,0.0,False,0.0,False,0.0
antibody_io,CNOT9,311,0.0,14,311,311,311.0,0.0,0,0.0,0.0,False,0.0,False,0.0,False,0.0
antibody_io,PDCD1LG2,312,0.0,14,312,312,312.0,0.0,0,0.0,0.0,False,0.0,False,0.0,False,0.0
antibody_io,SLC24A5,313,0.0,14,313,313,313.0,0.0,0,0.0,0.0,False,0.0,False,0.0,False,0.0
antibody_io,NOTCH1,314,0.0,14,314,314,314.0,0.0,0,0.0,0.0,False,0.0,False,0.0,False,0.0
antibody_io,MAP3K1,315,0.0,14,315,315,315.0,0.0,0,0.0,0.0,False,0.0,False,0.0,False,0.0
antibody_io,CDH1,316,0.0,14,316,316,316.0,0.0,0,0.0,0.0,False,0.0,False,0.0,False,0.0
antibody_io,BACH2,317,0.0,14,317,317,317.0,0.0,0,0.0,0.0,False,0.0,False,0.0,False,0.0
antibody_io,KEAP1,318,0.0,14,318,318,318.0,0.0,0,0.0,0.0,False,0.0,False,0.0,False,0.0
antibody_io,MED12,319,0.0,14,319,319,319.0,0.0,0,0.0,0.0,False,0.0,False,0.0,False,0.0
antibody_io,H3C2,320,0.0,14,320,320,320.0,0.0,0,0.0,0.0,False,0.0,False,0.0,False,0.0
antibody_io,TNFRSF17,321,0.0,14,321,321,321.0,0.0,0,0.0,0.0,False,0.0,False,0.0,False,0.0
antibody_io,PIK3CB,322,0.0,14,322,322,322.0,0.0,0,0.0,0.0,False,0.0,False,0.0,False,0.0
antibody_io,FBXW7,323,0.0,14,323,323,323.0,0.0,0,0.0,0.0,False,0.0,False,0.0,False,0.0
antibody_io,NFE2L2,324,0.0,14,324,324,324.0,0.0,0,0.0,0.0,False,0.0,False,0.0,False,0.0
antibody_io,ABL1,325,0.0,14,325,325,325.0,0.0,0,0.0,0.0,False,0.0,False,0.0,False,0.0
antibody_io,CLPTM1L,326,0.0,14,326,326,326.0,0.0,0,0.0,0.0,False,0.0,False,0.0,False,0.0
antibody_io,ASPSCR1,327,0.0,14,327,327,327.0,0.0,0,0.0,0.0,False,0.0,False,0.0,False,0.0
antibody_io,CD8A,328,0.0,14,328,328,328.0,0.0,0,0.0,0.0,False,0.0,False,0.0,False,0.0
antibody_io,CXCL9,329,0.0,14,329,329,329.0,0.0,0,0.0,0.0,False,0.0,False,0.0,False,0.0
antibody_io,FOXP3,330,0.0,14,330,330,330.0,0.0,0,0.0,0.0,False,0.0,False,0.0,False,0.0
antibody_io,GZMB,331,0.0,14,331,331,331.0,0.0,0,0.0,0.0,False,0.0,False,0.0,False,0.0
biomarker,B2M,1,0.8057,14,1,1,1.0,0.0,0,0.0039,0.0102,True,1.0,True,1.0,True,1.0
biomarker,JAK2,2,0.7934,14,2,2,2.0,0.0,0,0.0041,0.0109,True,1.0,True,1.0,True,1.0
biomarker,JAK1,3,0.7924,14,3,3,3.0,0.0,0,0.0042,0.011,True,1.0,True,1.0,True,1.0
biomarker,NRAS,4,0.7599,14,4,4,4.0,0.0,0,0.0021,0.0049,True,1.0,True,1.0,True,1.0
biomarker,HLA-A,5,0.712,14,5,5,5.0,0.0,0,0.0068,0.022,True,1.0,True,1.0,True,1.0
biomarker,HLA-B,6,0.712,14,6,6,6.0,0.0,0,0.0068,0.022,False,0.0,True,1.0,True,1.0
biomarker,IFNGR1,7,0.712,14,7,7,7.0,0.0,0,0.0068,0.022,False,0.0,True,1.0,True,1.0
biomarker,IRF1,8,0.712,14,8,8,8.0,0.0,0,0.0068,0.022,False,0.0,True,1.0,True,1.0
biomarker,STAT1,9,0.712,14,9,9,9.0,0.0,0,0.0068,0.022,False,0.0,True,1.0,True,1.0
biomarker,TAP1,10,0.712,14,10,10,10.0,0.0,0,0.0068,0.022,False,0.0,True,1.0,True,1.0
biomarker,TAP2,11,0.712,14,11,11,11.0,0.0,0,0.0068,0.022,False,0.0,False,0.0,True,1.0
biomarker,IL2RA,12,0.6281,14,12,12,12.0,0.0,0,0.0026,0.0051,False,0.0,False,0.0,True,1.0
biomarker,AXL,13,0.562,14,13,13,13.0,0.0,0,0.0056,0.0174,False,0.0,False,0.0,True,1.0
biomarker,CXCR4,14,0.5545,14,14,16,14.2857,0.2857,2,0.0052,0.0171,False,0.0,False,0.0,True,1.0
biomarker,TGFBR1,15,0.5545,14,15,17,15.2857,0.2857,2,0.0052,0.0171,False,0.0,False,0.0,True,1.0
biomarker,CXCL12,16,0.5535,14,16,18,16.2857,0.2857,2,0.0052,0.0171,False,0.0,False,0.0,True,1.0
biomarker,TGFB1,17,0.5535,14,17,19,17.2857,0.2857,2,0.0052,0.0171,False,0.0,False,0.0,True,1.0
biomarker,NGFR,18,0.553,14,14,18,17.4286,0.5714,4,0.0059,0.0171,False,0.0,False,0.0,True,1.0
biomarker,WNT5A,19,0.553,14,15,19,18.4286,0.5714,4,0.0059,0.0171,False,0.0,False,0.0,True,1.0
biomarker,TNFRSF18,20,0.5265,14,20,21,20.3571,0.3571,1,0.0048,0.0163,False,0.0,False,0.0,True,0.6429
biomarker,CTLA4,21,0.5244,14,20,21,20.6429,0.3571,1,0.006,0.0171,False,0.0,False,0.0,False,0.3571
biomarker,ARG1,22,0.5045,14,22,26,22.6429,0.6429,4,0.0066,0.0156,False,0.0,False,0.0,False,0.0
biomarker,IDO1,23,0.5045,14,23,27,23.6429,0.6429,4,0.0066,0.0156,False,0.0,False,0.0,False,0.0
biomarker,PRF1,24,0.4999,14,22,30,24.8571,2.1429,6,0.0029,0.0061,False,0.0,False,0.0,False,0.0
biomarker,PDCD1,25,0.4984,14,22,27,24.7143,1.0,3,0.0052,0.0158,False,0.0,False,0.0,False,0.0
biomarker,CD274,26,0.4959,14,24,28,26.3571,0.9286,2,0.0052,0.0155,False,0.0,False,0.0,False,0.0
biomarker,ENTPD1,27,0.4955,14,24,29,26.3571,1.0714,3,0.0068,0.0153,False,0.0,False,0.0,False,0.0
biomarker,NT5E,28,0.4955,14,25,30,27.3571,1.0714,3,0.0068,0.0153,False,0.0,False,0.0,False,0.0
biomarker,LAG3,29,0.4928,14,25,29,28.2857,0.7143,4,0.0051,0.0154,False,0.0,False,0.0,False,0.0
biomarker,BRAF,30,0.4825,14,28,30,29.7857,0.2143,2,0.0056,0.0149,False,0.0,False,0.0,False,0.0
biomarker,MAP2K1,31,0.4756,14,31,31,31.0,0.0,0,0.0054,0.0145,False,0.0,False,0.0,False,0.0
biomarker,CD8A,32,0.4205,14,32,38,32.5,0.5,6,0.0061,0.0176,False,0.0,False,0.0,False,0.0
biomarker,CXCL9,33,0.4205,14,33,39,33.5,0.5,6,0.0061,0.0176,False,0.0,False,0.0,False,0.0
biomarker,GZMB,34,0.4205,14,34,40,34.5,0.5,6,0.0061,0.0176,False,0.0,False,0.0,False,0.0
biomarker,MERTK,35,0.4105,14,32,37,34.9286,0.3571,3,0.0067,0.0158,False,0.0,False,0.0,False,0.0
biomarker,CSF1R,36,0.4085,14,33,38,36.0,0.4286,3,0.0066,0.0157,False,0.0,False,0.0,False,0.0
biomarker,LILRB1,37,0.4085,14,34,39,37.0,0.4286,3,0.0066,0.0157,False,0.0,False,0.0,False,0.0
biomarker,LILRB2,38,0.4085,14,35,40,38.0,0.4286,3,0.0066,0.0157,False,0.0,False,0.0,False,0.0
biomarker,MARCO,39,0.4085,14,36,41,39.0,0.4286,3,0.0066,0.0157,False,0.0,False,0.0,False,0.0
biomarker,TREM2,40,0.4085,14,37,42,40.0,0.4286,3,0.0066,0.0157,False,0.0,False,0.0,False,0.0
biomarker,HAVCR2,41,0.396,14,41,43,41.5,0.5,2,0.0071,0.0153,False,0.0,False,0.0,False,0.0
biomarker,TIGIT,42,0.396,14,42,44,42.5,0.5,2,0.0071,0.0153,False,0.0,False,0.0,False,0.0
biomarker,MITF,43,0.391,14,32,44,41.5714,1.7143,11,0.0067,0.0246,False,0.0,False,0.0,False,0.0
biomarker,TERT,44,0.3854,14,36,45,43.2857,1.0,8,0.0067,0.0243,False,0.0,False,0.0,False,0.0
biomarker,FOXP3,45,0.3705,14,43,45,44.7143,0.2857,2,0.0054,0.0161,False,0.0,False,0.0,False,0.0
biomarker,CDKN2A,46,0.3285,14,46,46,46.0,0.0,0,0.0051,0.0093,False,0.0,False,0.0,False,0.0
biomarker,PTEN,47,0.3127,14,47,47,47.0,0.0,0,0.0047,0.0086,False,0.0,False,0.0,False,0.0
biomarker,NF1,48,0.3094,14,48,48,48.0,0.0,0,0.0046,0.0084,False,0.0,False,0.0,False,0.0
biomarker,BAP1,49,0.1284,14,49,49,49.0,0.0,0,0.0053,0.0178,False,0.0,False,0.0,False,0.0
biomarker,TP53,50,0.1109,14,50,51,50.1429,0.1429,1,0.0049,0.0171,False,0.0,False,0.0,False,0.0
biomarker,MAP2K2,51,0.1059,14,50,51,50.8571,0.1429,1,0.0067,0.019,False,0.0,False,0.0,False,0.0
biomarker,CDK4,52,0.1007,14,52,53,52.0714,0.0714,1,0.0066,0.0188,False,0.0,False,0.0,False,0.0
biomarker,KIT,53,0.0982,14,53,54,53.1429,0.1429,1,0.0065,0.0186,False,0.0,False,0.0,False,0.0
biomarker,RB1,54,0.0938,14,52,54,53.7857,0.2143,2,0.0045,0.0164,False,0.0,False,0.0,False,0.0
biomarker,GNAQ,55,0.0,14,55,55,55.0,0.0,0,0.0,0.0,False,0.0,False,0.0,False,0.0
biomarker,ARID2,56,0.0,14,56,56,56.0,0.0,0,0.0,0.0,False,0.0,False,0.0,False,0.0
biomarker,RAC1,57,0.0,14,57,57,57.0,0.0,0,0.0,0.0,False,0.0,False,0.0,False,0.0
biomarker,GNA11,58,0.0,14,58,58,58.0,0.0,0,0.0,0.0,False,0.0,False,0.0,False,0.0
biomarker,POT1,59,0.0,14,59,59,59.0,0.0,0,0.0,0.0,False,0.0,False,0.0,False,0.0
biomarker,MBD4,60,0.0,14,60,60,60.0,0.0,0,0.0,0.0,False,0.0,False,0.0,False,0.0
biomarker,SF3B1,61,0.0,14,61,61,61.0,0.0,0,0.0,0.0,False,0.0,False,0.0,False,0.0
biomarker,PPP6C,62,0.0,14,62,62,62.0,0.0,0,0.0,0.0,False,0.0,False,0.0,False,0.0
biomarker,IRF4,63,0.0,14,63,63,63.0,0.0,0,0.0,0.0,False,0.0,False,0.0,False,0.0
biomarker,BRCA2,64,0.0,14,64,64,64.0,0.0,0,0.0,0.0,False,0.0,False,0.0,False,0.0
biomarker,RAF1,65,0.0,14,65,65,65.0,0.0,0,0.0,0.0,False,0.0,False,0.0,False,0.0
biomarker,KDR,66,0.0,14,66,66,66.0,0.0,0,0.0,0.0,False,0.0,False,0.0,False,0.0
biomarker,PDGFRA,67,0.0,14,67,67,67.0,0.0,0,0.0,0.0,False,0.0,False,0.0,False,0.0
biomarker,ATM,68,0.0,14,68,68,68.0,0.0,0,0.0,0.0,False,0.0,False,0.0,False,0.0
biomarker,LRP1B,69,0.0,14,69,69,69.0,0.0,0,0.0,0.0,False,0.0,False,0.0,False,0.0
biomarker,FLT4,70,0.0,14,70,70,70.0,0.0,0,0.0,0.0,False,0.0,False,0.0,False,0.0
biomarker,CSF3R,71,0.0,14,71,71,71.0,0.0,0,0.0,0.0,False,0.0,False,0.0,False,0.0
biomarker,PDGFRB,72,0.0,14,72,72,72.0,0.0,0,0.0,0.0,False,0.0,False,0.0,False,0.0
biomarker,TET2,73,0.0,14,73,73,73.0,0.0,0,0.0,0.0,False,0.0,False,0.0,False,0.0
biomarker,POLE,74,0.0,14,74,74,74.0,0.0,0,0.0,0.0,False,0.0,False,0.0,False,0.0
biomarker,DDX3X,75,0.0,14,75,75,75.0,0.0,0,0.0,0.0,False,0.0,False,0.0,False,0.0
biomarker,FOXP1,76,0.0,14,76,76,76.0,0.0,0,0.0,0.0,False,0.0,False,0.0,False,0.0
biomarker,PBRM1,77,0.0,14,77,77,77.0,0.0,0,0.0,0.0,False,0.0,False,0.0,False,0.0
biomarker,SETD2,78,0.0,14,78,78,78.0,0.0,0,0.0,0.0,False,0.0,False,0.0,False,0.0
biomarker,CCND1,79,0.0,14,79,79,79.0,0.0,0,0.0,0.0,False,0.0,False,0.0,False,0.0
biomarker,ERBB4,80,0.0,14,80,80,80.0,0.0,0,0.0,0.0,False,0.0,False,0.0,False,0.0
biomarker,MET,81,0.0,14,81,81,81.0,0.0,0,0.0,0.0,False,0.0,False,0.0,False,0.0
biomarker,STK11,82,0.0,14,82,82,82.0,0.0,0,0.0,0.0,False,0.0,False,0.0,False,0.0
biomarker,ROS1,83,0.0,14,83,83,83.0,0.0,0,0.0,0.0,False,0.0,False,0.0,False,0.0
biomarker,MTOR,84,0.0,14,84,84,84.0,0.0,0,0.0,0.0,False,0.0,False,0.0,False,0.0
biomarker,H3-3B,85,0.0,14,85,85,85.0,0.0,0,0.0,0.0,False,0.0,False,0.0,False,0.0
biomarker,TRRAP,86,0.0,14,86,86,86.0,0.0,0,0.0,0.0,False,0.0,False,0.0,False,0.0
biomarker,MC1R,87,0.0,14,87,87,87.0,0.0,0,0.0,0.0,False,0.0,False,0.0,False,0.0
biomarker,IKZF1,88,0.0,14,88,88,88.0,0.0,0,0.0,0.0,False,0.0,False,0.0,False,0.0
biomarker,FAT1,89,0.0,14,89,89,89.0,0.0,0,0.0,0.0,False,0.0,False,0.0,False,0.0
biomarker,DICER1,90,0.0,14,90,90,90.0,0.0,0,0.0,0.0,False,0.0,False,0.0,False,0.0
biomarker,MDM2,91,0.0,14,91,91,91.0,0.0,0,0.0,0.0,False,0.0,False,0.0,False,0.0
biomarker,IFNAR1,92,0.0,14,92,92,92.0,0.0,0,0.0,0.0,False,0.0,False,0.0,False,0.0
biomarker,MECOM,93,0.0,14,93,93,93.0,0.0,0,0.0,0.0,False,0.0,False,0.0,False,0.0
biomarker,WRN,94,0.0,14,94,94,94.0,0.0,0,0.0,0.0,False,0.0,False,0.0,False,0.0
biomarker,CHEK2,95,0.0,14,95,95,95.0,0.0,0,0.0,0.0,False,0.0,False,0.0,False,0.0
biomarker,ATR,96,0.0,14,96,96,96.0,0.0,0,0.0,0.0,False,0.0,False,0.0,False,0.0
biomarker,CUX1,97,0.0,14,97,97,97.0,0.0,0,0.0,0.0,False,0.0,False,0.0,False,0.0
biomarker,KMT2D,98,0.0,14,98,98,98.0,0.0,0,0.0,0.0,False,0.0,False,0.0,False,0.0
biomarker,EP300,99,0.0,14,99,99,99.0,0.0,0,0.0,0.0,False,0.0,False,0.0,False,0.0
biomarker,ESR1,100,0.0,14,100,100,100.0,0.0,0,0.0,0.0,False,0.0,False,0.0,False,0.0
biomarker,BRCA1,101,0.0,14,101,101,101.0,0.0,0,0.0,0.0,False,0.0,False,0.0,False,0.0
biomarker,AKT1,102,0.0,14,102,102,102.0,0.0,0,0.0,0.0,False,0.0,False,0.0,False,0.0
biomarker,NTRK1,103,0.0,14,103,103,103.0,0.0,0,0.0,0.0,False,0.0,False,0.0,False,0.0
biomarker,ERBB2,104,0.0,14,104,104,104.0,0.0,0,0.0,0.0,False,0.0,False,0.0,False,0.0
biomarker,PREX2,105,0.0,14,105,105,105.0,0.0,0,0.0,0.0,False,0.0,False,0.0,False,0.0
biomarker,FAT4,106,0.0,14,106,106,106.0,0.0,0,0.0,0.0,False,0.0,False,0.0,False,0.0
biomarker,KMT2C,107,0.0,14,107,107,107.0,0.0,0,0.0,0.0,False,0.0,False,0.0,False,0.0
biomarker,POLQ,108,0.0,14,108,108,108.0,0.0,0,0.0,0.0,False,0.0,False,0.0,False,0.0
biomarker,FGFR2,109,0.0,14,109,109,109.0,0.0,0,0.0,0.0,False,0.0,False,0.0,False,0.0
biomarker,TP63,110,0.0,14,110,110,110.0,0.0,0,0.0,0.0,False,0.0,False,0.0,False,0.0
biomarker,FGFR4,111,0.0,14,111,111,111.0,0.0,0,0.0,0.0,False,0.0,False,0.0,False,0.0
biomarker,GRIN2A,112,0.0,14,112,112,112.0,0.0,0,0.0,0.0,False,0.0,False,0.0,False,0.0
biomarker,UBR5,113,0.0,14,113,113,113.0,0.0,0,0.0,0.0,False,0.0,False,0.0,False,0.0
biomarker,OCA2,114,0.0,14,114,114,114.0,0.0,0,0.0,0.0,False,0.0,False,0.0,False,0.0
biomarker,SMARCA4,115,0.0,14,115,115,115.0,0.0,0,0.0,0.0,False,0.0,False,0.0,False,0.0
biomarker,IFNAR2,116,0.0,14,116,116,116.0,0.0,0,0.0,0.0,False,0.0,False,0.0,False,0.0
biomarker,FGFR1,117,0.0,14,117,117,117.0,0.0,0,0.0,0.0,False,0.0,False,0.0,False,0.0
biomarker,PTPRB,118,0.0,14,118,118,118.0,0.0,0,0.0,0.0,False,0.0,False,0.0,False,0.0
biomarker,PTPRT,119,0.0,14,119,119,119.0,0.0,0,0.0,0.0,False,0.0,False,0.0,False,0.0
biomarker,PTPN11,120,0.0,14,120,120,120.0,0.0,0,0.0,0.0,False,0.0,False,0.0,False,0.0
biomarker,MDM4,121,0.0,14,121,121,121.0,0.0,0,0.0,0.0,False,0.0,False,0.0,False,0.0
biomarker,TSC1,122,0.0,14,122,122,122.0,0.0,0,0.0,0.0,False,0.0,False,0.0,False,0.0
biomarker,TBX3,123,0.0,14,123,123,123.0,0.0,0,0.0,0.0,False,0.0,False,0.0,False,0.0
biomarker,ERBB3,124,0.0,14,124,124,124.0,0.0,0,0.0,0.0,False,0.0,False,0.0,False,0.0
biomarker,ATRX,125,0.0,14,125,125,125.0,0.0,0,0.0,0.0,False,0.0,False,0.0,False,0.0
biomarker,RUNX1T1,126,0.0,14,126,126,126.0,0.0,0,0.0,0.0,False,0.0,False,0.0,False,0.0
biomarker,CDK12,127,0.0,14,127,127,127.0,0.0,0,0.0,0.0,False,0.0,False,0.0,False,0.0
biomarker,TYR,128,0.0,14,128,128,128.0,0.0,0,0.0,0.0,False,0.0,False,0.0,False,0.0
biomarker,AKT2,129,0.0,14,129,129,129.0,0.0,0,0.0,0.0,False,0.0,False,0.0,False,0.0
biomarker,PTPRK,130,0.0,14,130,130,130.0,0.0,0,0.0,0.0,False,0.0,False,0.0,False,0.0
biomarker,CBL,131,0.0,14,131,131,131.0,0.0,0,0.0,0.0,False,0.0,False,0.0,False,0.0
biomarker,DNMT3A,132,0.0,14,132,132,132.0,0.0,0,0.0,0.0,False,0.0,False,0.0,False,0.0
biomarker,RRM2,133,0.0,14,133,133,133.0,0.0,0,0.0,0.0,False,0.0,False,0.0,False,0.0
biomarker,KLF6,134,0.0,14,134,134,134.0,0.0,0,0.0,0.0,False,0.0,False,0.0,False,0.0
biomarker,AR,135,0.0,14,135,135,135.0,0.0,0,0.0,0.0,False,0.0,False,0.0,False,0.0
biomarker,KMT2A,136,0.0,14,136,136,136.0,0.0,0,0.0,0.0,False,0.0,False,0.0,False,0.0
biomarker,CYLD,137,0.0,14,137,137,137.0,0.0,0,0.0,0.0,False,0.0,False,0.0,False,0.0
biomarker,RPL5,138,0.0,14,138,138,138.0,0.0,0,0.0,0.0,False,0.0,False,0.0,False,0.0
biomarker,ERCC2,139,0.0,14,139,139,139.0,0.0,0,0.0,0.0,False,0.0,False,0.0,False,0.0
biomarker,IDH1,140,0.0,14,140,140,140.0,0.0,0,0.0,0.0,False,0.0,False,0.0,False,0.0
biomarker,NOTCH2,141,0.0,14,141,141,141.0,0.0,0,0.0,0.0,False,0.0,False,0.0,False,0.0
biomarker,CDK6,142,0.0,14,142,142,142.0,0.0,0,0.0,0.0,False,0.0,False,0.0,False,0.0
biomarker,IKBKB,143,0.0,14,143,143,143.0,0.0,0,0.0,0.0,False,0.0,False,0.0,False,0.0
biomarker,NTRK2,144,0.0,14,144,144,144.0,0.0,0,0.0,0.0,False,0.0,False,0.0,False,0.0
biomarker,RRM2B,145,0.0,14,145,145,145.0,0.0,0,0.0,0.0,False,0.0,False,0.0,False,0.0
biomarker,CASP8,146,0.0,14,146,146,146.0,0.0,0,0.0,0.0,False,0.0,False,0.0,False,0.0
biomarker,POLD1,147,0.0,14,147,147,147.0,0.0,0,0.0,0.0,False,0.0,False,0.0,False,0.0
biomarker,IL7R,148,0.0,14,148,148,148.0,0.0,0,0.0,0.0,False,0.0,False,0.0,False,0.0
biomarker,QKI,149,0.0,14,149,149,149.0,0.0,0,0.0,0.0,False,0.0,False,0.0,False,0.0
biomarker,GNAS,150,0.0,14,150,150,150.0,0.0,0,0.0,0.0,False,0.0,False,0.0,False,0.0
biomarker,MYB,151,0.0,14,151,151,151.0,0.0,0,0.0,0.0,False,0.0,False,0.0,False,0.0
biomarker,PTCH1,152,0.0,14,152,152,152.0,0.0,0,0.0,0.0,False,0.0,False,0.0,False,0.0
biomarker,DDR2,153,0.0,14,153,153,153.0,0.0,0,0.0,0.0,False,0.0,False,0.0,False,0.0
biomarker,PIK3R1,154,0.0,14,154,154,154.0,0.0,0,0.0,0.0,False,0.0,False,0.0,False,0.0
biomarker,TSC2,155,0.0,14,155,155,155.0,0.0,0,0.0,0.0,False,0.0,False,0.0,False,0.0
biomarker,PHOX2B,156,0.0,14,156,156,156.0,0.0,0,0.0,0.0,False,0.0,False,0.0,False,0.0
biomarker,SETBP1,157,0.0,14,157,157,157.0,0.0,0,0.0,0.0,False,0.0,False,0.0,False,0.0
biomarker,RRM1,158,0.0,14,158,158,158.0,0.0,0,0.0,0.0,False,0.0,False,0.0,False,0.0
biomarker,SPEN,159,0.0,14,159,159,159.0,0.0,0,0.0,0.0,False,0.0,False,0.0,False,0.0
biomarker,ARHGAP35,160,0.0,14,160,160,160.0,0.0,0,0.0,0.0,False,0.0,False,0.0,False,0.0
biomarker,SYK,161,0.0,14,161,161,161.0,0.0,0,0.0,0.0,False,0.0,False,0.0,False,0.0
biomarker,PAX5,162,0.0,14,162,162,162.0,0.0,0,0.0,0.0,False,0.0,False,0.0,False,0.0
biomarker,CYP1B1,163,0.0,14,163,163,163.0,0.0,0,0.0,0.0,False,0.0,False,0.0,False,0.0
biomarker,FANCA,164,0.0,14,164,164,164.0,0.0,0,0.0,0.0,False,0.0,False,0.0,False,0.0
biomarker,CIITA,165,0.0,14,165,165,165.0,0.0,0,0.0,0.0,False,0.0,False,0.0,False,0.0
biomarker,BCL9L,166,0.0,14,166,166,166.0,0.0,0,0.0,0.0,False,0.0,False,0.0,False,0.0
biomarker,NUTM1,167,0.0,14,167,167,167.0,0.0,0,0.0,0.0,False,0.0,False,0.0,False,0.0
biomarker,ARNT,168,0.0,14,168,168,168.0,0.0,0,0.0,0.0,False,0.0,False,0.0,False,0.0
biomarker,CCND2,169,0.0,14,169,169,169.0,0.0,0,0.0,0.0,False,0.0,False,0.0,False,0.0
biomarker,PER1,170,0.0,14,170,170,170.0,0.0,0,0.0,0.0,False,0.0,False,0.0,False,0.0
biomarker,JUN,171,0.0,14,171,171,171.0,0.0,0,0.0,0.0,False,0.0,False,0.0,False,0.0
biomarker,KAT6A,172,0.0,14,172,172,172.0,0.0,0,0.0,0.0,False,0.0,False,0.0,False,0.0
biomarker,CBLB,173,0.0,14,173,173,173.0,0.0,0,0.0,0.0,False,0.0,False,0.0,False,0.0
biomarker,HNF1A,174,0.0,14,174,174,174.0,0.0,0,0.0,0.0,False,0.0,False,0.0,False,0.0
biomarker,BCL11A,175,0.0,14,175,175,175.0,0.0,0,0.0,0.0,False,0.0,False,0.0,False,0.0
biomarker,USP6,176,0.0,14,176,176,176.0,0.0,0,0.0,0.0,False,0.0,False,0.0,False,0.0
biomarker,MYCN,177,0.0,14,177,177,177.0,0.0,0,0.0,0.0,False,0.0,False,0.0,False,0.0
biomarker,PRDM1,178,0.0,14,178,178,178.0,0.0,0,0.0,0.0,False,0.0,False,0.0,False,0.0
biomarker,AFDN,179,0.0,14,179,179,179.0,0.0,0,0.0,0.0,False,0.0,False,0.0,False,0.0
biomarker,IL2RG,180,0.0,14,180,180,180.0,0.0,0,0.0,0.0,False,0.0,False,0.0,False,0.0
biomarker,IL2RB,181,0.0,14,181,181,181.0,0.0,0,0.0,0.0,False,0.0,False,0.0,False,0.0
biomarker,SMAD2,182,0.0,14,182,182,182.0,0.0,0,0.0,0.0,False,0.0,False,0.0,False,0.0
biomarker,AXIN1,183,0.0,14,183,183,183.0,0.0,0,0.0,0.0,False,0.0,False,0.0,False,0.0
biomarker,SALL4,184,0.0,14,184,184,184.0,0.0,0,0.0,0.0,False,0.0,False,0.0,False,0.0
biomarker,NFKBIE,185,0.0,14,185,185,185.0,0.0,0,0.0,0.0,False,0.0,False,0.0,False,0.0
biomarker,HGF,186,0.0,14,186,186,186.0,0.0,0,0.0,0.0,False,0.0,False,0.0,False,0.0
biomarker,PPP2R1A,187,0.0,14,187,187,187.0,0.0,0,0.0,0.0,False,0.0,False,0.0,False,0.0
biomarker,BCOR,188,0.0,14,188,188,188.0,0.0,0,0.0,0.0,False,0.0,False,0.0,False,0.0
biomarker,ERCC3,189,0.0,14,189,189,189.0,0.0,0,0.0,0.0,False,0.0,False,0.0,False,0.0
biomarker,FANCD2,190,0.0,14,190,190,190.0,0.0,0,0.0,0.0,False,0.0,False,0.0,False,0.0
biomarker,DAXX,191,0.0,14,191,191,191.0,0.0,0,0.0,0.0,False,0.0,False,0.0,False,0.0
biomarker,PTPRC,192,0.0,14,192,192,192.0,0.0,0,0.0,0.0,False,0.0,False,0.0,False,0.0
biomarker,MYH9,193,0.0,14,193,193,193.0,0.0,0,0.0,0.0,False,0.0,False,0.0,False,0.0
biomarker,ARID1B,194,0.0,14,194,194,194.0,0.0,0,0.0,0.0,False,0.0,False,0.0,False,0.0
biomarker,LZTR1,195,0.0,14,195,195,195.0,0.0,0,0.0,0.0,False,0.0,False,0.0,False,0.0
biomarker,CIC,196,0.0,14,196,196,196.0,0.0,0,0.0,0.0,False,0.0,False,0.0,False,0.0
biomarker,CREBBP,197,0.0,14,197,197,197.0,0.0,0,0.0,0.0,False,0.0,False,0.0,False,0.0
biomarker,MYCL,198,0.0,14,198,198,198.0,0.0,0,0.0,0.0,False,0.0,False,0.0,False,0.0
biomarker,SLC45A2,199,0.0,14,199,199,199.0,0.0,0,0.0,0.0,False,0.0,False,0.0,False,0.0
biomarker,FCRL4,200,0.0,14,200,200,200.0,0.0,0,0.0,0.0,False,0.0,False,0.0,False,0.0
biomarker,MAP3K13,201,0.0,14,201,201,201.0,0.0,0,0.0,0.0,False,0.0,False,0.0,False,0.0
biomarker,CNOT3,202,0.0,14,202,202,202.0,0.0,0,0.0,0.0,False,0.0,False,0.0,False,0.0
biomarker,FLG,203,0.0,14,203,203,203.0,0.0,0,0.0,0.0,False,0.0,False,0.0,False,0.0
biomarker,AMER1,204,0.0,14,204,204,204.0,0.0,0,0.0,0.0,False,0.0,False,0.0,False,0.0
biomarker,ATF1,205,0.0,14,205,205,205.0,0.0,0,0.0,0.0,False,0.0,False,0.0,False,0.0
biomarker,ERCC5,206,0.0,14,206,206,206.0,0.0,0,0.0,0.0,False,0.0,False,0.0,False,0.0
biomarker,ERCC4,207,0.0,14,207,207,207.0,0.0,0,0.0,0.0,False,0.0,False,0.0,False,0.0
biomarker,MX2,208,0.0,14,208,208,208.0,0.0,0,0.0,0.0,False,0.0,False,0.0,False,0.0
biomarker,SUFU,209,0.0,14,209,209,209.0,0.0,0,0.0,0.0,False,0.0,False,0.0,False,0.0
biomarker,NTRK3,210,0.0,14,210,210,210.0,0.0,0,0.0,0.0,False,0.0,False,0.0,False,0.0
biomarker,ARID1A,211,0.0,14,211,211,211.0,0.0,0,0.0,0.0,False,0.0,False,0.0,False,0.0
biomarker,PARP1,212,0.0,14,212,212,212.0,0.0,0,0.0,0.0,False,0.0,False,0.0,False,0.0
biomarker,CARD11,213,0.0,14,213,213,213.0,0.0,0,0.0,0.0,False,0.0,False,0.0,False,0.0
biomarker,RICTOR,214,0.0,14,214,214,214.0,0.0,0,0.0,0.0,False,0.0,False,0.0,False,0.0
biomarker,BRD4,215,0.0,14,215,215,215.0,0.0,0,0.0,0.0,False,0.0,False,0.0,False,0.0
biomarker,RET,216,0.0,14,216,216,216.0,0.0,0,0.0,0.0,False,0.0,False,0.0,False,0.0
biomarker,EZH2,217,0.0,14,217,217,217.0,0.0,0,0.0,0.0,False,0.0,False,0.0,False,0.0
biomarker,SMAD3,218,0.0,14,218,218,218.0,0.0,0,0.0,0.0,False,0.0,False,0.0,False,0.0
biomarker,LCK,219,0.0,14,219,219,219.0,0.0,0,0.0,0.0,False,0.0,False,0.0,False,0.0
biomarker,TFEB,220,0.0,14,220,220,220.0,0.0,0,0.0,0.0,False,0.0,False,0.0,False,0.0
biomarker,CDX2,221,0.0,14,221,221,221.0,0.0,0,0.0,0.0,False,0.0,False,0.0,False,0.0
biomarker,ACVR1B,222,0.0,14,222,222,222.0,0.0,0,0.0,0.0,False,0.0,False,0.0,False,0.0
biomarker,NCOR2,223,0.0,14,223,223,223.0,0.0,0,0.0,0.0,False,0.0,False,0.0,False,0.0
biomarker,IRS4,224,0.0,14,224,224,224.0,0.0,0,0.0,0.0,False,0.0,False,0.0,False,0.0
biomarker,SPOP,225,0.0,14,225,225,225.0,0.0,0,0.0,0.0,False,0.0,False,0.0,False,0.0
biomarker,CREB1,226,0.0,14,226,226,226.0,0.0,0,0.0,0.0,False,0.0,False,0.0,False,0.0
biomarker,TET1,227,0.0,14,227,227,227.0,0.0,0,0.0,0.0,False,0.0,False,0.0,False,0.0
biomarker,EGFR,228,0.0,14,228,228,228.0,0.0,0,0.0,0.0,False,0.0,False,0.0,False,0.0
biomarker,CRLF2,229,0.0,14,229,229,229.0,0.0,0,0.0,0.0,False,0.0,False,0.0,False,0.0
biomarker,STN1,230,0.0,14,230,230,230.0,0.0,0,0.0,0.0,False,0.0,False,0.0,False,0.0
biomarker,TFE3,231,0.0,14,231,231,231.0,0.0,0,0.0,0.0,False,0.0,False,0.0,False,0.0
biomarker,TRAF7,232,0.0,14,232,232,232.0,0.0,0,0.0,0.0,False,0.0,False,0.0,False,0.0
biomarker,NFKB2,233,0.0,14,233,233,233.0,0.0,0,0.0,0.0,False,0.0,False,0.0,False,0.0
biomarker,AFF4,234,0.0,14,234,234,234.0,0.0,0,0.0,0.0,False,0.0,False,0.0,False,0.0
biomarker,ARHGEF12,235,0.0,14,235,235,235.0,0.0,0,0.0,0.0,False,0.0,False,0.0,False,0.0
biomarker,U2AF1,236,0.0,14,236,236,236.0,0.0,0,0.0,0.0,False,0.0,False,0.0,False,0.0
biomarker,PMS2,237,0.0,14,237,237,237.0,0.0,0,0.0,0.0,False,0.0,False,0.0,False,0.0
biomarker,ZBTB16,238,0.0,14,238,238,238.0,0.0,0,0.0,0.0,False,0.0,False,0.0,False,0.0
biomarker,MTAP,239,0.0,14,239,239,239.0,0.0,0,0.0,0.0,False,0.0,False,0.0,False,0.0
biomarker,MSH2,240,0.0,14,240,240,240.0,0.0,0,0.0,0.0,False,0.0,False,0.0,False,0.0
biomarker,ZFHX3,241,0.0,14,241,241,241.0,0.0,0,0.0,0.0,False,0.0,False,0.0,False,0.0
biomarker,KDM5A,242,0.0,14,242,242,242.0,0.0,0,0.0,0.0,False,0.0,False,0.0,False,0.0
biomarker,CHD4,243,0.0,14,243,243,243.0,0.0,0,0.0,0.0,False,0.0,False,0.0,False,0.0
biomarker,FBXO11,244,0.0,14,244,244,244.0,0.0,0,0.0,0.0,False,0.0,False,0.0,False,0.0
biomarker,PTPN13,245,0.0,14,245,245,245.0,0.0,0,0.0,0.0,False,0.0,False,0.0,False,0.0
biomarker,PLCG1,246,0.0,14,246,246,246.0,0.0,0,0.0,0.0,False,0.0,False,0.0,False,0.0
biomarker,FAS,247,0.0,14,247,247,247.0,0.0,0,0.0,0.0,False,0.0,False,0.0,False,0.0
biomarker,MAX,248,0.0,14,248,248,248.0,0.0,0,0.0,0.0,False,0.0,False,0.0,False,0.0
biomarker,BCORL1,249,0.0,14,249,249,249.0,0.0,0,0.0,0.0,False,0.0,False,0.0,False,0.0
biomarker,KNL1,250,0.0,14,250,250,250.0,0.0,0,0.0,0.0,False,0.0,False,0.0,False,0.0
biomarker,BUB1B,251,0.0,14,251,251,251.0,0.0,0,0.0,0.0,False,0.0,False,0.0,False,0.0
biomarker,NCOR1,252,0.0,14,252,252,252.0,0.0,0,0.0,0.0,False,0.0,False,0.0,False,0.0
biomarker,ACKR3,253,0.0,14,253,253,253.0,0.0,0,0.0,0.0,False,0.0,False,0.0,False,0.0
biomarker,SMO,254,0.0,14,254,254,254.0,0.0,0,0.0,0.0,False,0.0,False,0.0,False,0.0
biomarker,WAS,255,0.0,14,255,255,255.0,0.0,0,0.0,0.0,False,0.0,False,0.0,False,0.0
biomarker,NUP98,256,0.0,14,256,256,256.0,0.0,0,0.0,0.0,False,0.0,False,0.0,False,0.0
biomarker,CACNA1D,257,0.0,14,257,257,257.0,0.0,0,0.0,0.0,False,0.0,False,0.0,False,0.0
biomarker,FLT3,258,0.0,14,258,258,258.0,0.0,0,0.0,0.0,False,0.0,False,0.0,False,0.0
biomarker,BTK,259,0.0,14,259,259,259.0,0.0,0,0.0,0.0,False,0.0,False,0.0,False,0.0
biomarker,RANBP2,260,0.0,14,260,260,260.0,0.0,0,0.0,0.0,False,0.0,False,0.0,False,0.0
biomarker,BCL11B,261,0.0,14,261,261,261.0,0.0,0,0.0,0.0,False,0.0,False,0.0,False,0.0
biomarker,CLTC,262,0.0,14,262,262,262.0,0.0,0,0.0,0.0,False,0.0,False,0.0,False,0.0
biomarker,MN1,263,0.0,14,263,263,263.0,0.0,0,0.0,0.0,False,0.0,False,0.0,False,0.0
biomarker,MAP2K4,264,0.0,14,264,264,264.0,0.0,0,0.0,0.0,False,0.0,False,0.0,False,0.0
biomarker,BCL9,265,0.0,14,265,265,265.0,0.0,0,0.0,0.0,False,0.0,False,0.0,False,0.0
biomarker,BRD3,266,0.0,14,266,266,266.0,0.0,0,0.0,0.0,False,0.0,False,0.0,False,0.0
biomarker,KAT6B,267,0.0,14,267,267,267.0,0.0,0,0.0,0.0,False,0.0,False,0.0,False,0.0
biomarker,TBL1XR1,268,0.0,14,268,268,268.0,0.0,0,0.0,0.0,False,0.0,False,0.0,False,0.0
biomarker,TMEM127,269,0.0,14,269,269,269.0,0.0,0,0.0,0.0,False,0.0,False,0.0,False,0.0
biomarker,FANCF,270,0.0,14,270,270,270.0,0.0,0,0.0,0.0,False,0.0,False,0.0,False,0.0
biomarker,PIK3CA,271,0.0,14,271,271,271.0,0.0,0,0.0,0.0,False,0.0,False,0.0,False,0.0
biomarker,APC,272,0.0,14,272,272,272.0,0.0,0,0.0,0.0,False,0.0,False,0.0,False,0.0
biomarker,NKX2-1,273,0.0,14,273,273,273.0,0.0,0,0.0,0.0,False,0.0,False,0.0,False,0.0
biomarker,CTNNB1,274,0.0,14,274,274,274.0,0.0,0,0.0,0.0,False,0.0,False,0.0,False,0.0
biomarker,MRTFA,275,0.0,14,275,275,275.0,0.0,0,0.0,0.0,False,0.0,False,0.0,False,0.0
biomarker,KLF4,276,0.0,14,276,276,276.0,0.0,0,0.0,0.0,False,0.0,False,0.0,False,0.0
biomarker,ZNF331,277,0.0,14,277,277,277.0,0.0,0,0.0,0.0,False,0.0,False,0.0,False,0.0
biomarker,FGFR3,278,0.0,14,278,278,278.0,0.0,0,0.0,0.0,False,0.0,False,0.0,False,0.0
biomarker,FH,279,0.0,14,279,279,279.0,0.0,0,0.0,0.0,False,0.0,False,0.0,False,0.0
biomarker,MUTYH,280,0.0,14,280,280,280.0,0.0,0,0.0,0.0,False,0.0,False,0.0,False,0.0
biomarker,TCL1A,281,0.0,14,281,281,281.0,0.0,0,0.0,0.0,False,0.0,False,0.0,False,0.0
biomarker,CARS1,282,0.0,14,282,282,282.0,0.0,0,0.0,0.0,False,0.0,False,0.0,False,0.0
biomarker,ATP2B3,283,0.0,14,283,283,283.0,0.0,0,0.0,0.0,False,0.0,False,0.0,False,0.0
biomarker,PRDM16,284,0.0,14,284,284,284.0,0.0,0,0.0,0.0,False,0.0,False,0.0,False,0.0
biomarker,PTK6,285,0.0,14,285,285,285.0,0.0,0,0.0,0.0,False,0.0,False,0.0,False,0.0
biomarker,LATS2,286,0.0,14,286,286,286.0,0.0,0,0.0,0.0,False,0.0,False,0.0,False,0.0
biomarker,RAD51C,287,0.0,14,287,287,287.0,0.0,0,0.0,0.0,False,0.0,False,0.0,False,0.0
biomarker,STAT5B,288,0.0,14,288,288,288.0,0.0,0,0.0,0.0,False,0.0,False,0.0,False,0.0
biomarker,IKZF3,289,0.0,14,289,289,289.0,0.0,0,0.0,0.0,False,0.0,False,0.0,False,0.0
biomarker,CDKN2B,290,0.0,14,290,290,290.0,0.0,0,0.0,0.0,False,0.0,False,0.0,False,0.0
biomarker,FANCE,291,0.0,14,291,291,291.0,0.0,0,0.0,0.0,False,0.0,False,0.0,False,0.0
biomarker,TYRP1,292,0.0,14,292,292,292.0,0.0,0,0.0,0.0,False,0.0,False,0.0,False,0.0
biomarker,BIRC3,293,0.0,14,293,293,293.0,0.0,0,0.0,0.0,False,0.0,False,0.0,False,0.0
biomarker,ALK,294,0.0,14,294,294,294.0,0.0,0,0.0,0.0,False,0.0,False,0.0,False,0.0
biomarker,FUBP1,295,0.0,14,295,295,295.0,0.0,0,0.0,0.0,False,0.0,False,0.0,False,0.0
biomarker,PATZ1,296,0.0,14,296,296,296.0,0.0,0,0.0,0.0,False,0.0,False,0.0,False,0.0
biomarker,FMN1,297,0.0,14,297,297,297.0,0.0,0,0.0,0.0,False,0.0,False,0.0,False,0.0
biomarker,H3-3A,298,0.0,14,298,298,298.0,0.0,0,0.0,0.0,False,0.0,False,0.0,False,0.0
biomarker,GATA2,299,0.0,14,299,299,299.0,0.0,0,0.0,0.0,False,0.0,False,0.0,False,0.0
biomarker,APOBEC3B,300,0.0,14,300,300,300.0,0.0,0,0.0,0.0,False,0.0,False,0.0,False,0.0
biomarker,BCL2,301,0.0,14,301,301,301.0,0.0,0,0.0,0.0,False,0.0,False,0.0,False,0.0
biomarker,POU2AF1,302,0.0,14,302,302,302.0,0.0,0,0.0,0.0,False,0.0,False,0.0,False,0.0
biomarker,PMEL,303,0.0,14,303,303,303.0,0.0,0,0.0,0.0,False,0.0,False,0.0,False,0.0
biomarker,KRAS,304,0.0,14,304,304,304.0,0.0,0,0.0,0.0,False,0.0,False,0.0,False,0.0
biomarker,TENT5C,305,0.0,14,305,305,305.0,0.0,0,0.0,0.0,False,0.0,False,0.0,False,0.0
biomarker,CD79A,306,0.0,14,306,306,306.0,0.0,0,0.0,0.0,False,0.0,False,0.0,False,0.0
biomarker,LPP,307,0.0,14,307,307,307.0,0.0,0,0.0,0.0,False,0.0,False,0.0,False,0.0
biomarker,PLXNB2,308,0.0,14,308,308,308.0,0.0,0,0.0,0.0,False,0.0,False,0.0,False,0.0
biomarker,SUZ12,309,0.0,14,309,309,309.0,0.0,0,0.0,0.0,False,0.0,False,0.0,False,0.0
biomarker,CBFA2T3,310,0.0,14,310,310,310.0,0.0,0,0.0,0.0,False,0.0,False,0.0,False,0.0
biomarker,NF2,311,0.0,14,311,311,311.0,0.0,0,0.0,0.0,False,0.0,False,0.0,False,0.0
biomarker,MAPK1,312,0.0,14,312,312,312.0,0.0,0,0.0,0.0,False,0.0,False,0.0,False,0.0
biomarker,KRT5,313,0.0,14,313,313,313.0,0.0,0,0.0,0.0,False,0.0,False,0.0,False,0.0
biomarker,HRAS,314,0.0,14,314,314,314.0,0.0,0,0.0,0.0,False,0.0,False,0.0,False,0.0
biomarker,CNOT9,315,0.0,14,315,315,315.0,0.0,0,0.0,0.0,False,0.0,False,0.0,False,0.0
biomarker,PDCD1LG2,316,0.0,14,316,316,316.0,0.0,0,0.0,0.0,False,0.0,False,0.0,False,0.0
biomarker,SLC24A5,317,0.0,14,317,317,317.0,0.0,0,0.0,0.0,False,0.0,False,0.0,False,0.0
biomarker,NOTCH1,318,0.0,14,318,318,318.0,0.0,0,0.0,0.0,False,0.0,False,0.0,False,0.0
biomarker,MAP3K1,319,0.0,14,319,319,319.0,0.0,0,0.0,0.0,False,0.0,False,0.0,False,0.0
biomarker,CDH1,320,0.0,14,320,320,320.0,0.0,0,0.0,0.0,False,0.0,False,0.0,False,0.0
biomarker,BACH2,321,0.0,14,321,321,321.0,0.0,0,0.0,0.0,False,0.0,False,0.0,False,0.0
biomarker,KEAP1,322,0.0,14,322,322,322.0,0.0,0,0.0,0.0,False,0.0,False,0.0,False,0.0
biomarker,MED12,323,0.0,14,323,323,323.0,0.0,0,0.0,0.0,False,0.0,False,0.0,False,0.0
biomarker,H3C2,324,0.0,14,324,324,324.0,0.0,0,0.0,0.0,False,0.0,False,0.0,False,0.0
biomarker,TNFRSF17,325,0.0,14,325,325,325.0,0.0,0,0.0,0.0,False,0.0,False,0.0,False,0.0
biomarker,PIK3CB,326,0.0,14,326,326,326.0,0.0,0,0.0,0.0,False,0.0,False,0.0,False,0.0
biomarker,FBXW7,327,0.0,14,327,327,327.0,0.0,0,0.0,0.0,False,0.0,False,0.0,False,0.0
biomarker,NFE2L2,328,0.0,14,328,328,328.0,0.0,0,0.0,0.0,False,0.0,False,0.0,False,0.0
biomarker,ABL1,329,0.0,14,329,329,329.0,0.0,0,0.0,0.0,False,0.0,False,0.0,False,0.0
biomarker,CLPTM1L,330,0.0,14,330,330,330.0,0.0,0,0.0,0.0,False,0.0,False,0.0,False,0.0
biomarker,ASPSCR1,331,0.0,14,331,331,331.0,0.0,0,0.0,0.0,False,0.0,False,0.0,False,0.0
small_molecule,BRAF,1,0.8449,14,1,1,1.0,0.0,0,0.0032,0.0081,True,1.0,True,1.0,True,1.0
small_molecule,MAP2K1,2,0.8357,14,2,2,2.0,0.0,0,0.0033,0.0087,True,1.0,True,1.0,True,1.0
small_molecule,MAP2K2,3,0.6891,14,3,3,3.0,0.0,0,0.0047,0.0151,True,1.0,True,1.0,True,1.0
small_molecule,CDK4,4,0.6822,14,4,5,4.0714,0.0714,1,0.0045,0.015,True,1.0,True,1.0,True,1.0
small_molecule,KIT,5,0.6788,14,5,6,5.1429,0.1429,1,0.0045,0.0149,True,0.8571,True,1.0,True,1.0
small_molecule,NRAS,6,0.6665,14,4,6,5.7857,0.2143,2,0.0037,0.0113,False,0.1429,True,1.0,True,1.0
small_molecule,AXL,7,0.5817,14,7,7,7.0,0.0,0,0.0067,0.0243,False,0.0,True,1.0,True,1.0
small_molecule,ARG1,8,0.5492,14,8,8,8.0,0.0,0,0.007,0.0229,False,0.0,True,1.0,True,1.0
small_molecule,IDO1,9,0.5492,14,9,9,9.0,0.0,0,0.007,0.0229,False,0.0,True,1.0,True,1.0
small_molecule,MITF,10,0.5209,14,10,12,10.2857,0.2857,2,0.005,0.0117,False,0.0,True,0.8571,True,1.0
small_molecule,TERT,11,0.5134,14,11,13,11.4286,0.4286,2,0.0048,0.0115,False,0.0,False,0.0,True,1.0
small_molecule,CXCR4,12,0.508,14,10,12,11.6429,0.3571,2,0.0058,0.0212,False,0.0,False,0.1429,True,1.0
small_molecule,TGFBR1,13,0.508,14,11,13,12.6429,0.3571,2,0.0058,0.0212,False,0.0,False,0.0,True,1.0
small_molecule,NGFR,14,0.4243,14,14,16,14.2857,0.2857,2,0.0096,0.0176,False,0.0,False,0.0,True,1.0
small_molecule,WNT5A,15,0.4243,14,15,17,15.2857,0.2857,2,0.0096,0.0176,False,0.0,False,0.0,True,1.0
small_molecule,CXCL12,16,0.4205,14,14,16,15.7143,0.2857,2,0.0068,0.0175,False,0.0,False,0.0,True,1.0
small_molecule,TGFB1,17,0.4205,14,15,17,16.7143,0.2857,2,0.0068,0.0175,False,0.0,False,0.0,True,1.0
small_molecule,ENTPD1,18,0.3917,14,18,18,18.0,0.0,0,0.0087,0.0164,False,0.0,False,0.0,True,1.0
small_molecule,NT5E,19,0.3917,14,19,19,19.0,0.0,0,0.0087,0.0164,False,0.0,False,0.0,True,1.0
small_molecule,MERTK,20,0.1942,14,20,20,20.0,0.0,0,0.0064,0.0186,False,0.0,False,0.0,True,1.0
small_molecule,CTLA4,21,0.1594,14,21,26,22.0714,1.0714,5,0.0093,0.0205,False,0.0,False,0.0,False,0.0
small_molecule,CSF1R,22,0.1505,14,21,27,22.5,0.9286,5,0.007,0.0167,False,0.0,False,0.0,False,0.0
small_molecule,LILRB1,23,0.1505,14,22,28,23.5,0.9286,5,0.007,0.0167,False,0.0,False,0.0,False,0.0
small_molecule,LILRB2,24,0.1505,14,23,29,24.5,0.9286,5,0.007,0.0167,False,0.0,False,0.0,False,0.0
small_molecule,MARCO,25,0.1505,14,24,30,25.5,0.9286,5,0.007,0.0167,False,0.0,False,0.0,False,0.0
small_molecule,TREM2,26,0.1505,14,25,31,26.5,0.9286,5,0.007,0.0167,False,0.0,False,0.0,False,0.0
small_molecule,PDCD1,27,0.1444,14,22,27,25.9286,1.0714,5,0.0089,0.0197,False,0.0,False,0.0,False,0.0
small_molecule,CD274,28,0.141,14,23,29,27.0,1.1429,5,0.0088,0.0195,False,0.0,False,0.0,False,0.0
small_molecule,LAG3,29,0.1369,14,24,30,28.7857,0.5,5,0.0086,0.0193,False,0.0,False,0.0,False,0.0
small_molecule,B2M,30,0.1317,14,24,31,29.1429,1.0,6,0.0081,0.0217,False,0.0,False,0.0,False,0.0
small_molecule,IL2RA,31,0.1258,14,26,31,30.5714,0.4286,5,0.009,0.0171,False,0.0,False,0.0,False,0.0
small_molecule,JAK2,32,0.1152,14,32,32,32.0,0.0,0,0.0076,0.0208,False,0.0,False,0.0,False,0.0
small_molecule,JAK1,33,0.1138,14,33,33,33.0,0.0,0,0.0076,0.0208,False,0.0,False,0.0,False,0.0
small_molecule,GNAQ,34,0.0149,14,34,48,36.9286,2.9286,14,0.0076,0.0175,False,0.0,False,0.0,False,0.0
small_molecule,ARID2,35,0.0146,14,35,49,37.9286,2.9286,14,0.0075,0.0175,False,0.0,False,0.0,False,0.0
small_molecule,RAC1,36,0.0128,14,36,50,39.0714,3.0714,14,0.0074,0.0172,False,0.0,False,0.0,False,0.0
small_molecule,GNA11,37,0.0124,14,37,51,40.3571,3.3571,14,0.0073,0.0171,False,0.0,False,0.0,False,0.0
small_molecule,POT1,38,0.0123,14,38,52,41.3571,3.3571,14,0.0073,0.0171,False,0.0,False,0.0,False,0.0
small_molecule,MBD4,39,0.012,14,39,53,42.3571,3.3571,14,0.0072,0.0171,False,0.0,False,0.0,False,0.0
small_molecule,SF3B1,40,0.0105,14,40,55,44.6429,4.6429,15,0.007,0.0168,False,0.0,False,0.0,False,0.0
small_molecule,HAVCR2,41,0.0105,14,34,329,102.5,66.2143,288,0.0081,0.0135,False,0.0,False,0.0,False,0.0
small_molecule,TIGIT,42,0.0105,14,35,330,104.5,67.2143,288,0.0081,0.0135,False,0.0,False,0.0,False,0.0
small_molecule,PPP6C,43,0.0101,14,41,56,46.0714,3.9286,13,0.0069,0.0167,False,0.0,False,0.0,False,0.0
small_molecule,IRF4,44,0.0094,14,42,57,47.0714,3.9286,13,0.0068,0.0167,False,0.0,False,0.0,False,0.0
small_molecule,HLA-A,45,0.0094,14,34,324,103.3571,65.2143,279,0.0073,0.0152,False,0.0,False,0.0,False,0.0
small_molecule,HLA-B,46,0.0094,14,35,325,104.3571,65.2143,279,0.0073,0.0152,False,0.0,False,0.0,False,0.0
small_molecule,IFNGR1,47,0.0094,14,36,326,105.3571,65.2143,279,0.0073,0.0152,False,0.0,False,0.0,False,0.0
small_molecule,IRF1,48,0.0094,14,37,327,106.3571,65.2143,279,0.0073,0.0152,False,0.0,False,0.0,False,0.0
small_molecule,STAT1,49,0.0094,14,38,328,107.3571,65.2143,279,0.0073,0.0152,False,0.0,False,0.0,False,0.0
small_molecule,TAP1,50,0.0094,14,39,329,108.3571,65.2143,279,0.0073,0.0152,False,0.0,False,0.0,False,0.0
small_molecule,TAP2,51,0.0094,14,40,330,109.3571,65.2143,279,0.0073,0.0152,False,0.0,False,0.0,False,0.0
small_molecule,BRCA2,52,0.0083,14,43,58,49.0714,3.7857,9,0.0067,0.0165,False,0.0,False,0.0,False,0.0
small_molecule,RAF1,53,0.0055,14,44,59,51.3571,3.7857,9,0.0059,0.0161,False,0.0,False,0.0,False,0.0
small_molecule,KDR,54,0.0046,14,45,60,52.7143,4.1429,9,0.0056,0.0159,False,0.0,False,0.0,False,0.0
small_molecule,PDGFRA,55,0.0041,14,46,61,53.7143,4.1429,9,0.0054,0.0159,False,0.0,False,0.0,False,0.0
small_molecule,ATM,56,0.003,14,47,62,54.7143,4.1429,9,0.005,0.0157,False,0.0,False,0.0,False,0.0
small_molecule,LRP1B,57,0.0024,14,48,63,55.8571,4.0,9,0.0047,0.0156,False,0.0,False,0.0,False,0.0
small_molecule,FLT4,58,0.0012,14,49,64,57.7143,3.1429,9,0.0042,0.0153,False,0.0,False,0.0,False,0.0
small_molecule,CSF3R,59,0.0011,14,50,65,58.7143,3.1429,9,0.0042,0.0154,False,0.0,False,0.0,False,0.0
small_molecule,PDGFRB,60,0.0003,14,51,66,59.7143,3.1429,9,0.0038,0.0152,False,0.0,False,0.0,False,0.0
small_molecule,TET2,61,0.0002,14,52,67,60.7143,3.1429,9,0.0038,0.0152,False,0.0,False,0.0,False,0.0
small_molecule,CDKN2A,62,0.0,14,39,119,69.0,18.5714,57,0.0,0.0,False,0.0,False,0.0,False,0.0
small_molecule,BAP1,63,0.0,14,40,120,70.0,18.5714,57,0.0,0.0,False,0.0,False,0.0,False,0.0
small_molecule,PTEN,64,0.0,14,41,121,71.0,18.5714,57,0.0,0.0,False,0.0,False,0.0,False,0.0
small_molecule,NF1,65,0.0,14,42,122,72.0,18.5714,57,0.0,0.0,False,0.0,False,0.0,False,0.0
small_molecule,TP53,66,0.0,14,46,123,73.6429,17.9286,57,0.0,0.0,False,0.0,False,0.0,False,0.0
small_molecule,POLE,67,0.0,14,53,68,62.5,4.7857,14,0.0036,0.015,False,0.0,False,0.0,False,0.0
small_molecule,DDX3X,68,0.0,14,54,69,63.5,4.7857,14,0.0032,0.0141,False,0.0,False,0.0,False,0.0
small_molecule,FOXP1,69,0.0,14,55,70,64.5,4.7857,14,0.0029,0.0131,False,0.0,False,0.0,False,0.0
small_molecule,PBRM1,70,0.0,14,56,71,65.8571,4.5714,14,0.0028,0.0129,False,0.0,False,0.0,False,0.0
small_molecule,SETD2,71,0.0,14,57,72,66.8571,4.5714,14,0.0028,0.0129,False,0.0,False,0.0,False,0.0
small_molecule,CCND1,72,0.0,14,58,73,67.8571,4.5714,14,0.0027,0.0127,False,0.0,False,0.0,False,0.0
small_molecule,ERBB4,73,0.0,14,59,74,68.8571,4.5714,14,0.0027,0.0125,False,0.0,False,0.0,False,0.0
small_molecule,MET,74,0.0,14,60,75,69.8571,4.5714,14,0.0026,0.0123,False,0.0,False,0.0,False,0.0
small_molecule,STK11,75,0.0,14,61,76,70.8571,4.5714,14,0.0024,0.0118,False,0.0,False,0.0,False,0.0
small_molecule,ROS1,76,0.0,14,62,77,71.8571,4.5714,14,0.0024,0.0117,False,0.0,False,0.0,False,0.0
small_molecule,MTOR,77,0.0,14,63,78,72.8571,4.5714,14,0.0023,0.0115,False,0.0,False,0.0,False,0.0
small_molecule,H3-3B,78,0.0,14,64,79,73.8571,4.5714,14,0.0023,0.0114,False,0.0,False,0.0,False,0.0
small_molecule,TRRAP,79,0.0,14,65,80,75.0,4.4286,14,0.0021,0.0107,False,0.0,False,0.0,False,0.0
small_molecule,MC1R,80,0.0,14,66,81,76.8571,3.5714,14,0.0017,0.0095,False,0.0,False,0.0,False,0.0
small_molecule,IKZF1,81,0.0,14,67,82,77.8571,3.5714,14,0.0014,0.0086,False,0.0,False,0.0,False,0.0
small_molecule,FAT1,82,0.0,14,68,83,78.8571,3.5714,14,0.0014,0.0085,False,0.0,False,0.0,False,0.0
small_molecule,DICER1,83,0.0,14,69,84,79.8571,3.5714,14,0.0014,0.0083,False,0.0,False,0.0,False,0.0
small_molecule,MDM2,84,0.0,14,70,85,81.0,3.4286,14,0.0012,0.0075,False,0.0,False,0.0,False,0.0
small_molecule,IFNAR1,85,0.0,14,71,86,82.0,3.4286,14,0.0011,0.0073,False,0.0,False,0.0,False,0.0
small_molecule,MECOM,86,0.0,14,72,87,83.0,3.4286,14,0.0011,0.0071,False,0.0,False,0.0,False,0.0
small_molecule,WRN,87,0.0,14,73,88,84.0,3.4286,14,0.001,0.0071,False,0.0,False,0.0,False,0.0
small_molecule,CHEK2,88,0.0,14,74,89,85.0,3.4286,14,0.001,0.0068,False,0.0,False,0.0,False,0.0
small_molecule,ATR,89,0.0,14,75,90,86.0,3.4286,14,0.0009,0.0064,False,0.0,False,0.0,False,0.0
small_molecule,CUX1,90,0.0,14,76,91,87.3571,3.2143,14,0.0008,0.0062,False,0.0,False,0.0,False,0.0
small_molecule,KMT2D,91,0.0,14,77,92,88.3571,3.2143,14,0.0008,0.0061,False,0.0,False,0.0,False,0.0
small_molecule,EP300,92,0.0,14,78,93,89.7143,3.0,14,0.0007,0.0058,False,0.0,False,0.0,False,0.0
small_molecule,ESR1,93,0.0,14,79,94,90.7143,3.0,14,0.0007,0.0055,False,0.0,False,0.0,False,0.0
small_molecule,BRCA1,94,0.0,14,80,95,91.7143,3.0,14,0.0007,0.0055,False,0.0,False,0.0,False,0.0
small_molecule,AKT1,95,0.0,14,81,96,92.7143,3.0,14,0.0007,0.0055,False,0.0,False,0.0,False,0.0
small_molecule,NTRK1,96,0.0,14,82,97,93.7143,3.0,14,0.0007,0.0053,False,0.0,False,0.0,False,0.0
small_molecule,ERBB2,97,0.0,14,83,98,94.7143,3.0,14,0.0007,0.0053,False,0.0,False,0.0,False,0.0
small_molecule,PREX2,98,0.0,14,84,99,95.7143,3.0,14,0.0007,0.0053,False,0.0,False,0.0,False,0.0
small_molecule,FAT4,99,0.0,14,85,100,96.7143,3.0,14,0.0006,0.005,False,0.0,False,0.0,False,0.0
small_molecule,KMT2C,100,0.0,14,86,101,97.7143,3.0,14,0.0005,0.0043,False,0.0,False,0.0,False,0.0
small_molecule,POLQ,101,0.0,14,87,102,98.7143,3.0,14,0.0005,0.0043,False,0.0,False,0.0,False,0.0
small_molecule,FGFR2,102,0.0,14,88,103,99.7857,2.9286,14,0.0005,0.004,False,0.0,False,0.0,False,0.0
small_molecule,TP63,103,0.0,14,89,104,100.7857,2.9286,14,0.0005,0.0038,False,0.0,False,0.0,False,0.0
small_molecule,FGFR4,104,0.0,14,90,105,101.7857,2.9286,14,0.0005,0.0037,False,0.0,False,0.0,False,0.0
small_molecule,GRIN2A,105,0.0,14,91,106,102.7857,2.9286,14,0.0004,0.0034,False,0.0,False,0.0,False,0.0
small_molecule,UBR5,106,0.0,14,92,107,103.7857,2.9286,14,0.0004,0.0033,False,0.0,False,0.0,False,0.0
small_molecule,OCA2,107,0.0,14,93,108,104.7857,2.9286,14,0.0004,0.0032,False,0.0,False,0.0,False,0.0
small_molecule,SMARCA4,108,0.0,14,94,109,105.7857,2.9286,14,0.0004,0.003,False,0.0,False,0.0,False,0.0
small_molecule,IFNAR2,109,0.0,14,95,110,106.7857,2.9286,14,0.0004,0.0029,False,0.0,False,0.0,False,0.0
small_molecule,FGFR1,110,0.0,14,96,111,107.7857,2.9286,14,0.0003,0.0028,False,0.0,False,0.0,False,0.0
small_molecule,PTPRB,111,0.0,14,97,112,108.7857,2.9286,14,0.0003,0.0028,False,0.0,False,0.0,False,0.0
small_molecule,PTPRT,112,0.0,14,98,113,109.7857,2.9286,14,0.0003,0.0025,False,0.0,False,0.0,False,0.0
small_molecule,PTPN11,113,0.0,14,99,114,110.7857,2.9286,14,0.0002,0.0022,False,0.0,False,0.0,False,0.0
small_molecule,MDM4,114,0.0,14,100,115,111.7857,2.9286,14,0.0002,0.002,False,0.0,False,0.0,False,0.0
small_molecule,TSC1,115,0.0,14,101,116,112.7857,2.9286,14,0.0002,0.0019,False,0.0,False,0.0,False,0.0
small_molecule,TBX3,116,0.0,14,102,117,113.7857,2.9286,14,0.0002,0.0019,False,0.0,False,0.0,False,0.0
small_molecule,ERBB3,117,0.0,14,103,118,114.7857,2.9286,14,0.0002,0.0018,False,0.0,False,0.0,False,0.0
small_molecule,ATRX,118,0.0,14,104,119,115.7857,2.9286,14,0.0002,0.0017,False,0.0,False,0.0,False,0.0
small_molecule,RUNX1T1,119,0.0,14,105,120,116.7857,2.9286,14,0.0002,0.0017,False,0.0,False,0.0,False,0.0
small_molecule,CDK12,120,0.0,14,106,121,117.7857,2.9286,14,0.0002,0.0017,False,0.0,False,0.0,False,0.0
small_molecule,TYR,121,0.0,14,107,122,118.7857,2.9286,14,0.0001,0.0013,False,0.0,False,0.0,False,0.0
small_molecule,RB1,122,0.0,14,113,124,121.2143,1.7857,9,0.0,0.0,False,0.0,False,0.0,False,0.0
small_molecule,AKT2,123,0.0,14,108,124,120.6429,3.0714,15,0.0001,0.0011,False,0.0,False,0.0,False,0.0
small_molecule,PTPRK,124,0.0,14,109,125,122.0714,2.7857,15,0.0,0.0006,False,0.0,False,0.0,False,0.0
small_molecule,CBL,125,0.0,14,110,126,123.0714,2.7857,15,0.0,0.0006,False,0.0,False,0.0,False,0.0
small_molecule,DNMT3A,126,0.0,14,111,127,124.0714,2.7857,15,0.0,0.0004,False,0.0,False,0.0,False,0.0
small_molecule,RRM2,127,0.0,14,112,128,125.0714,2.7857,15,0.0,0.0002,False,0.0,False,0.0,False,0.0
small_molecule,KLF6,128,0.0,14,113,129,126.0714,2.7857,15,0.0,0.0002,False,0.0,False,0.0,False,0.0
small_molecule,AR,129,0.0,14,114,130,127.0714,2.7857,15,0.0,0.0002,False,0.0,False,0.0,False,0.0
small_molecule,KMT2A,130,0.0,14,115,131,128.0714,2.7857,15,0.0,0.0002,False,0.0,False,0.0,False,0.0
small_molecule,CYLD,131,0.0,14,116,132,129.0714,2.7857,15,0.0,0.0001,False,0.0,False,0.0,False,0.0
small_molecule,RPL5,132,0.0,14,123,133,130.5,2.3571,9,0.0,0.0,False,0.0,False,0.0,False,0.0
small_molecule,ERCC2,133,0.0,14,124,134,131.5,2.3571,9,0.0,0.0,False,0.0,False,0.0,False,0.0
small_molecule,IDH1,134,0.0,14,125,135,132.5,2.3571,9,0.0,0.0,False,0.0,False,0.0,False,0.0
small_molecule,NOTCH2,135,0.0,14,126,136,133.5,2.3571,9,0.0,0.0,False,0.0,False,0.0,False,0.0
small_molecule,CDK6,136,0.0,14,127,137,134.5,2.3571,9,0.0,0.0,False,0.0,False,0.0,False,0.0
small_molecule,IKBKB,137,0.0,14,128,138,135.5,2.3571,9,0.0,0.0,False,0.0,False,0.0,False,0.0
small_molecule,NTRK2,138,0.0,14,129,139,136.5,2.3571,9,0.0,0.0,False,0.0,False,0.0,False,0.0
small_molecule,RRM2B,139,0.0,14,130,140,137.5,2.3571,9,0.0,0.0,False,0.0,False,0.0,False,0.0
small_molecule,CASP8,140,0.0,14,131,141,138.5,2.3571,9,0.0,0.0,False,0.0,False,0.0,False,0.0
small_molecule,POLD1,141,0.0,14,132,142,139.5,2.3571,9,0.0,0.0,False,0.0,False,0.0,False,0.0
small_molecule,IL7R,142,0.0,14,133,143,140.5,2.3571,9,0.0,0.0,False,0.0,False,0.0,False,0.0
small_molecule,QKI,143,0.0,14,134,144,141.5,2.3571,9,0.0,0.0,False,0.0,False,0.0,False,0.0
small_molecule,GNAS,144,0.0,14,135,145,142.5,2.3571,9,0.0,0.0,False,0.0,False,0.0,False,0.0
small_molecule,MYB,145,0.0,14,136,146,143.5,2.3571,9,0.0,0.0,False,0.0,False,0.0,False,0.0
small_molecule,PTCH1,146,0.0,14,137,147,144.5,2.3571,9,0.0,0.0,False,0.0,False,0.0,False,0.0
small_molecule,DDR2,147,0.0,14,138,148,145.5,2.3571,9,0.0,0.0,False,0.0,False,0.0,False,0.0
small_molecule,PIK3R1,148,0.0,14,139,149,146.5,2.3571,9,0.0,0.0,False,0.0,False,0.0,False,0.0
small_molecule,TSC2,149,0.0,14,140,150,147.5,2.3571,9,0.0,0.0,False,0.0,False,0.0,False,0.0
small_molecule,PHOX2B,150,0.0,14,141,151,148.5,2.3571,9,0.0,0.0,False,0.0,False,0.0,False,0.0
small_molecule,SETBP1,151,0.0,14,142,152,149.5,2.3571,9,0.0,0.0,False,0.0,False,0.0,False,0.0
small_molecule,RRM1,152,0.0,14,143,153,150.5,2.3571,9,0.0,0.0,False,0.0,False,0.0,False,0.0
small_molecule,SPEN,153,0.0,14,144,154,151.5,2.3571,9,0.0,0.0,False,0.0,False,0.0,False,0.0
small_molecule,ARHGAP35,154,0.0,14,145,155,152.5,2.3571,9,0.0,0.0,False,0.0,False,0.0,False,0.0
small_molecule,SYK,155,0.0,14,146,156,153.5,2.3571,9,0.0,0.0,False,0.0,False,0.0,False,0.0
small_molecule,PAX5,156,0.0,14,147,157,154.5,2.3571,9,0.0,0.0,False,0.0,False,0.0,False,0.0
small_molecule,CYP1B1,157,0.0,14,148,158,155.5,2.3571,9,0.0,0.0,False,0.0,False,0.0,False,0.0
small_molecule,FANCA,158,0.0,14,149,159,156.5,2.3571,9,0.0,0.0,False,0.0,False,0.0,False,0.0
small_molecule,CIITA,159,0.0,14,150,160,157.5,2.3571,9,0.0,0.0,False,0.0,False,0.0,False,0.0
small_molecule,BCL9L,160,0.0,14,151,161,158.5,2.3571,9,0.0,0.0,False,0.0,False,0.0,False,0.0
small_molecule,NUTM1,161,0.0,14,152,162,159.5,2.3571,9,0.0,0.0,False,0.0,False,0.0,False,0.0
small_molecule,ARNT,162,0.0,14,153,163,160.5,2.3571,9,0.0,0.0,False,0.0,False,0.0,False,0.0
small_molecule,CCND2,163,0.0,14,154,164,161.5,2.3571,9,0.0,0.0,False,0.0,False,0.0,False,0.0
small_molecule,PER1,164,0.0,14,155,165,162.5,2.3571,9,0.0,0.0,False,0.0,False,0.0,False,0.0
small_molecule,JUN,165,0.0,14,156,166,163.5,2.3571,9,0.0,0.0,False,0.0,False,0.0,False,0.0
small_molecule,KAT6A,166,0.0,14,157,167,164.5,2.3571,9,0.0,0.0,False,0.0,False,0.0,False,0.0
small_molecule,CBLB,167,0.0,14,158,168,165.5,2.3571,9,0.0,0.0,False,0.0,False,0.0,False,0.0
small_molecule,HNF1A,168,0.0,14,159,169,166.5,2.3571,9,0.0,0.0,False,0.0,False,0.0,False,0.0
small_molecule,BCL11A,169,0.0,14,160,170,167.5,2.3571,9,0.0,0.0,False,0.0,False,0.0,False,0.0
small_molecule,USP6,170,0.0,14,161,171,168.5,2.3571,9,0.0,0.0,False,0.0,False,0.0,False,0.0
small_molecule,MYCN,171,0.0,14,162,172,169.5,2.3571,9,0.0,0.0,False,0.0,False,0.0,False,0.0
small_molecule,PRDM1,172,0.0,14,163,173,170.5,2.3571,9,0.0,0.0,False,0.0,False,0.0,False,0.0
small_molecule,AFDN,173,0.0,14,164,174,171.5,2.3571,9,0.0,0.0,False,0.0,False,0.0,False,0.0
small_molecule,IL2RG,174,0.0,14,165,175,172.5,2.3571,9,0.0,0.0,False,0.0,False,0.0,False,0.0
small_molecule,IL2RB,175,0.0,14,166,176,173.5,2.3571,9,0.0,0.0,False,0.0,False,0.0,False,0.0
small_molecule,SMAD2,176,0.0,14,167,177,174.5,2.3571,9,0.0,0.0,False,0.0,False,0.0,False,0.0
small_molecule,AXIN1,177,0.0,14,168,178,175.5,2.3571,9,0.0,0.0,False,0.0,False,0.0,False,0.0
small_molecule,SALL4,178,0.0,14,169,179,176.5,2.3571,9,0.0,0.0,False,0.0,False,0.0,False,0.0
small_molecule,NFKBIE,179,0.0,14,170,180,177.5,2.3571,9,0.0,0.0,False,0.0,False,0.0,False,0.0
small_molecule,HGF,180,0.0,14,171,181,178.5,2.3571,9,0.0,0.0,False,0.0,False,0.0,False,0.0
small_molecule,PPP2R1A,181,0.0,14,172,182,179.5,2.3571,9,0.0,0.0,False,0.0,False,0.0,False,0.0
small_molecule,BCOR,182,0.0,14,173,183,180.5,2.3571,9,0.0,0.0,False,0.0,False,0.0,False,0.0
small_molecule,ERCC3,183,0.0,14,174,184,181.5,2.3571,9,0.0,0.0,False,0.0,False,0.0,False,0.0
small_molecule,FANCD2,184,0.0,14,175,185,182.5,2.3571,9,0.0,0.0,False,0.0,False,0.0,False,0.0
small_molecule,DAXX,185,0.0,14,176,186,183.5,2.3571,9,0.0,0.0,False,0.0,False,0.0,False,0.0
small_molecule,PTPRC,186,0.0,14,177,187,184.5,2.3571,9,0.0,0.0,False,0.0,False,0.0,False,0.0
small_molecule,MYH9,187,0.0,14,178,188,185.5,2.3571,9,0.0,0.0,False,0.0,False,0.0,False,0.0
small_molecule,ARID1B,188,0.0,14,179,189,186.5,2.3571,9,0.0,0.0,False,0.0,False,0.0,False,0.0
small_molecule,LZTR1,189,0.0,14,180,190,187.5,2.3571,9,0.0,0.0,False,0.0,False,0.0,False,0.0
small_molecule,CIC,190,0.0,14,181,191,188.5,2.3571,9,0.0,0.0,False,0.0,False,0.0,False,0.0
small_molecule,CREBBP,191,0.0,14,182,192,189.5,2.3571,9,0.0,0.0,False,0.0,False,0.0,False,0.0
small_molecule,MYCL,192,0.0,14,183,193,190.5,2.3571,9,0.0,0.0,False,0.0,False,0.0,False,0.0
small_molecule,SLC45A2,193,0.0,14,184,194,191.5,2.3571,9,0.0,0.0,False,0.0,False,0.0,False,0.0
small_molecule,FCRL4,194,0.0,14,185,195,192.5,2.3571,9,0.0,0.0,False,0.0,False,0.0,False,0.0
small_molecule,MAP3K13,195,0.0,14,186,196,193.5,2.3571,9,0.0,0.0,False,0.0,False,0.0,False,0.0
small_molecule,CNOT3,196,0.0,14,187,197,194.5,2.3571,9,0.0,0.0,False,0.0,False,0.0,False,0.0
small_molecule,FLG,197,0.0,14,188,198,195.5,2.3571,9,0.0,0.0,False,0.0,False,0.0,False,0.0
small_molecule,AMER1,198,0.0,14,189,199,196.5,2.3571,9,0.0,0.0,False,0.0,False,0.0,False,0.0
small_molecule,ATF1,199,0.0,14,190,200,197.5,2.3571,9,0.0,0.0,False,0.0,False,0.0,False,0.0
small_molecule,ERCC5,200,0.0,14,191,201,198.5,2.3571,9,0.0,0.0,False,0.0,False,0.0,False,0.0
small_molecule,ERCC4,201,0.0,14,192,202,199.5,2.3571,9,0.0,0.0,False,0.0,False,0.0,False,0.0
small_molecule,MX2,202,0.0,14,193,203,200.5,2.3571,9,0.0,0.0,False,0.0,False,0.0,False,0.0
small_molecule,SUFU,203,0.0,14,194,204,201.5,2.3571,9,0.0,0.0,False,0.0,False,0.0,False,0.0
small_molecule,NTRK3,204,0.0,14,195,205,202.5,2.3571,9,0.0,0.0,False,0.0,False,0.0,False,0.0
small_molecule,ARID1A,205,0.0,14,196,206,203.5,2.3571,9,0.0,0.0,False,0.0,False,0.0,False,0.0
small_molecule,PARP1,206,0.0,14,197,207,204.5,2.3571,9,0.0,0.0,False,0.0,False,0.0,False,0.0
small_molecule,CARD11,207,0.0,14,198,208,205.5,2.3571,9,0.0,0.0,False,0.0,False,0.0,False,0.0
small_molecule,RICTOR,208,0.0,14,199,209,206.5,2.3571,9,0.0,0.0,False,0.0,False,0.0,False,0.0
small_molecule,BRD4,209,0.0,14,200,210,207.5,2.3571,9,0.0,0.0,False,0.0,False,0.0,False,0.0
small_molecule,RET,210,0.0,14,201,211,208.5,2.3571,9,0.0,0.0,False,0.0,False,0.0,False,0.0
small_molecule,EZH2,211,0.0,14,202,212,209.5,2.3571,9,0.0,0.0,False,0.0,False,0.0,False,0.0
small_molecule,SMAD3,212,0.0,14,203,213,210.5,2.3571,9,0.0,0.0,False,0.0,False,0.0,False,0.0
small_molecule,LCK,213,0.0,14,204,214,211.5,2.3571,9,0.0,0.0,False,0.0,False,0.0,False,0.0
small_molecule,TFEB,214,0.0,14,205,215,212.5,2.3571,9,0.0,0.0,False,0.0,False,0.0,False,0.0
small_molecule,CDX2,215,0.0,14,206,216,213.5,2.3571,9,0.0,0.0,False,0.0,False,0.0,False,0.0
small_molecule,ACVR1B,216,0.0,14,207,217,214.5,2.3571,9,0.0,0.0,False,0.0,False,0.0,False,0.0
small_molecule,PRF1,217,0.0,14,208,218,215.5,2.3571,9,0.0,0.0,False,0.0,False,0.0,False,0.0
small_molecule,NCOR2,218,0.0,14,209,219,216.5,2.3571,9,0.0,0.0,False,0.0,False,0.0,False,0.0
small_molecule,IRS4,219,0.0,14,210,220,217.5,2.3571,9,0.0,0.0,False,0.0,False,0.0,False,0.0
small_molecule,SPOP,220,0.0,14,211,221,218.5,2.3571,9,0.0,0.0,False,0.0,False,0.0,False,0.0
small_molecule,CREB1,221,0.0,14,212,222,219.5,2.3571,9,0.0,0.0,False,0.0,False,0.0,False,0.0
small_molecule,TET1,222,0.0,14,213,223,220.5,2.3571,9,0.0,0.0,False,0.0,False,0.0,False,0.0
small_molecule,EGFR,223,0.0,14,214,224,221.5,2.3571,9,0.0,0.0,False,0.0,False,0.0,False,0.0
small_molecule,CRLF2,224,0.0,14,215,225,222.5,2.3571,9,0.0,0.0,False,0.0,False,0.0,False,0.0
small_molecule,STN1,225,0.0,14,216,226,223.5,2.3571,9,0.0,0.0,False,0.0,False,0.0,False,0.0
small_molecule,TFE3,226,0.0,14,217,227,224.5,2.3571,9,0.0,0.0,False,0.0,False,0.0,False,0.0
small_molecule,TRAF7,227,0.0,14,218,228,225.5,2.3571,9,0.0,0.0,False,0.0,False,0.0,False,0.0
small_molecule,NFKB2,228,0.0,14,219,229,226.5,2.3571,9,0.0,0.0,False,0.0,False,0.0,False,0.0
small_molecule,AFF4,229,0.0,14,220,230,227.5,2.3571,9,0.0,0.0,False,0.0,False,0.0,False,0.0
small_molecule,ARHGEF12,230,0.0,14,221,231,228.5,2.3571,9,0.0,0.0,False,0.0,False,0.0,False,0.0
small_molecule,U2AF1,231,0.0,14,222,232,229.5,2.3571,9,0.0,0.0,False,0.0,False,0.0,False,0.0
small_molecule,PMS2,232,0.0,14,223,233,230.5,2.3571,9,0.0,0.0,False,0.0,False,0.0,False,0.0
small_molecule,ZBTB16,233,0.0,14,224,234,231.5,2.3571,9,0.0,0.0,False,0.0,False,0.0,False,0.0
small_molecule,MTAP,234,0.0,14,225,235,232.5,2.3571,9,0.0,0.0,False,0.0,False,0.0,False,0.0
small_molecule,MSH2,235,0.0,14,226,236,233.5,2.3571,9,0.0,0.0,False,0.0,False,0.0,False,0.0
small_molecule,ZFHX3,236,0.0,14,227,237,234.5,2.3571,9,0.0,0.0,False,0.0,False,0.0,False,0.0
small_molecule,KDM5A,237,0.0,14,228,238,235.5,2.3571,9,0.0,0.0,False,0.0,False,0.0,False,0.0
small_molecule,CHD4,238,0.0,14,229,239,236.5,2.3571,9,0.0,0.0,False,0.0,False,0.0,False,0.0
small_molecule,FBXO11,239,0.0,14,230,240,237.5,2.3571,9,0.0,0.0,False,0.0,False,0.0,False,0.0
small_molecule,PTPN13,240,0.0,14,231,241,238.5,2.3571,9,0.0,0.0,False,0.0,False,0.0,False,0.0
small_molecule,PLCG1,241,0.0,14,232,242,239.5,2.3571,9,0.0,0.0,False,0.0,False,0.0,False,0.0
small_molecule,FAS,242,0.0,14,233,243,240.5,2.3571,9,0.0,0.0,False,0.0,False,0.0,False,0.0
small_molecule,MAX,243,0.0,14,234,244,241.5,2.3571,9,0.0,0.0,False,0.0,False,0.0,False,0.0
small_molecule,BCORL1,244,0.0,14,235,245,242.5,2.3571,9,0.0,0.0,False,0.0,False,0.0,False,0.0
small_molecule,KNL1,245,0.0,14,236,246,243.5,2.3571,9,0.0,0.0,False,0.0,False,0.0,False,0.0
small_molecule,BUB1B,246,0.0,14,237,247,244.5,2.3571,9,0.0,0.0,False,0.0,False,0.0,False,0.0
small_molecule,NCOR1,247,0.0,14,238,248,245.5,2.3571,9,0.0,0.0,False,0.0,False,0.0,False,0.0
small_molecule,ACKR3,248,0.0,14,239,249,246.5,2.3571,9,0.0,0.0,False,0.0,False,0.0,False,0.0
small_molecule,SMO,249,0.0,14,240,250,247.5,2.3571,9,0.0,0.0,False,0.0,False,0.0,False,0.0
small_molecule,WAS,250,0.0,14,241,251,248.5,2.3571,9,0.0,0.0,False,0.0,False,0.0,False,0.0
small_molecule,NUP98,251,0.0,14,242,252,249.5,2.3571,9,0.0,0.0,False,0.0,False,0.0,False,0.0
small_molecule,CACNA1D,252,0.0,14,243,253,250.5,2.3571,9,0.0,0.0,False,0.0,False,0.0,False,0.0
small_molecule,FLT3,253,0.0,14,244,254,251.5,2.3571,9,0.0,0.0,False,0.0,False,0.0,False,0.0
small_molecule,BTK,254,0.0,14,245,255,252.5,2.3571,9,0.0,0.0,False,0.0,False,0.0,False,0.0
small_molecule,RANBP2,255,0.0,14,246,256,253.5,2.3571,9,0.0,0.0,False,0.0,False,0.0,False,0.0
small_molecule,BCL11B,256,0.0,14,247,257,254.5,2.3571,9,0.0,0.0,False,0.0,False,0.0,False,0.0
small_molecule,CLTC,257,0.0,14,248,258,255.5,2.3571,9,0.0,0.0,False,0.0,False,0.0,False,0.0
small_molecule,MN1,258,0.0,14,249,259,256.5,2.3571,9,0.0,0.0,False,0.0,False,0.0,False,0.0
small_molecule,MAP2K4,259,0.0,14,250,260,257.5,2.3571,9,0.0,0.0,False,0.0,False,0.0,False,0.0
small_molecule,BCL9,260,0.0,14,251,261,258.5,2.3571,9,0.0,0.0,False,0.0,False,0.0,False,0.0
small_molecule,BRD3,261,0.0,14,252,262,259.5,2.3571,9,0.0,0.0,False,0.0,False,0.0,False,0.0
small_molecule,KAT6B,262,0.0,14,253,263,260.5,2.3571,9,0.0,0.0,False,0.0,False,0.0,False,0.0
small_molecule,TBL1XR1,263,0.0,14,254,264,261.5,2.3571,9,0.0,0.0,False,0.0,False,0.0,False,0.0
small_molecule,TMEM127,264,0.0,14,255,265,262.5,2.3571,9,0.0,0.0,False,0.0,False,0.0,False,0.0
small_molecule,FANCF,265,0.0,14,256,266,263.5,2.3571,9,0.0,0.0,False,0.0,False,0.0,False,0.0
small_molecule,PIK3CA,266,0.0,14,257,267,264.5,2.3571,9,0.0,0.0,False,0.0,False,0.0,False,0.0
small_molecule,APC,267,0.0,14,258,268,265.5,2.3571,9,0.0,0.0,False,0.0,False,0.0,False,0.0
small_molecule,NKX2-1,268,0.0,14,259,269,266.5,2.3571,9,0.0,0.0,False,0.0,False,0.0,False,0.0
small_molecule,CTNNB1,269,0.0,14,260,270,267.5,2.3571,9,0.0,0.0,False,0.0,False,0.0,False,0.0
small_molecule,MRTFA,270,0.0,14,261,271,268.5,2.3571,9,0.0,0.0,False,0.0,False,0.0,False,0.0
small_molecule,KLF4,271,0.0,14,262,272,269.5,2.3571,9,0.0,0.0,False,0.0,False,0.0,False,0.0
small_molecule,ZNF331,272,0.0,14,263,273,270.5,2.3571,9,0.0,0.0,False,0.0,False,0.0,False,0.0
small_molecule,FGFR3,273,0.0,14,264,274,271.5,2.3571,9,0.0,0.0,False,0.0,False,0.0,False,0.0
small_molecule,FH,274,0.0,14,265,275,272.5,2.3571,9,0.0,0.0,False,0.0,False,0.0,False,0.0
small_molecule,MUTYH,275,0.0,14,266,276,273.5,2.3571,9,0.0,0.0,False,0.0,False,0.0,False,0.0
small_molecule,TCL1A,276,0.0,14,267,277,274.5,2.3571,9,0.0,0.0,False,0.0,False,0.0,False,0.0
small_molecule,CARS1,277,0.0,14,268,278,275.5,2.3571,9,0.0,0.0,False,0.0,False,0.0,False,0.0
small_molecule,ATP2B3,278,0.0,14,269,279,276.5,2.3571,9,0.0,0.0,False,0.0,False,0.0,False,0.0
small_molecule,PRDM16,279,0.0,14,270,280,277.5,2.3571,9,0.0,0.0,False,0.0,False,0.0,False,0.0
small_molecule,PTK6,280,0.0,14,271,281,278.5,2.3571,9,0.0,0.0,False,0.0,False,0.0,False,0.0
small_molecule,LATS2,281,0.0,14,272,282,279.5,2.3571,9,0.0,0.0,False,0.0,False,0.0,False,0.0
small_molecule,RAD51C,282,0.0,14,273,283,280.5,2.3571,9,0.0,0.0,False,0.0,False,0.0,False,0.0
small_molecule,STAT5B,283,0.0,14,274,284,281.5,2.3571,9,0.0,0.0,False,0.0,False,0.0,False,0.0
small_molecule,IKZF3,284,0.0,14,275,285,282.5,2.3571,9,0.0,0.0,False,0.0,False,0.0,False,0.0
small_molecule,CDKN2B,285,0.0,14,276,286,283.5,2.3571,9,0.0,0.0,False,0.0,False,0.0,False,0.0
small_molecule,FANCE,286,0.0,14,277,287,284.5,2.3571,9,0.0,0.0,False,0.0,False,0.0,False,0.0
small_molecule,TYRP1,287,0.0,14,278,288,285.5,2.3571,9,0.0,0.0,False,0.0,False,0.0,False,0.0
small_molecule,BIRC3,288,0.0,14,279,289,286.5,2.3571,9,0.0,0.0,False,0.0,False,0.0,False,0.0
small_molecule,ALK,289,0.0,14,280,290,287.5,2.3571,9,0.0,0.0,False,0.0,False,0.0,False,0.0
small_molecule,FUBP1,290,0.0,14,281,291,288.5,2.3571,9,0.0,0.0,False,0.0,False,0.0,False,0.0
small_molecule,PATZ1,291,0.0,14,282,292,289.5,2.3571,9,0.0,0.0,False,0.0,False,0.0,False,0.0
small_molecule,FMN1,292,0.0,14,283,293,290.5,2.3571,9,0.0,0.0,False,0.0,False,0.0,False,0.0
small_molecule,H3-3A,293,0.0,14,284,294,291.5,2.3571,9,0.0,0.0,False,0.0,False,0.0,False,0.0
small_molecule,GATA2,294,0.0,14,285,295,292.5,2.3571,9,0.0,0.0,False,0.0,False,0.0,False,0.0
small_molecule,APOBEC3B,295,0.0,14,286,296,293.5,2.3571,9,0.0,0.0,False,0.0,False,0.0,False,0.0
small_molecule,BCL2,296,0.0,14,287,297,294.5,2.3571,9,0.0,0.0,False,0.0,False,0.0,False,0.0
small_molecule,POU2AF1,297,0.0,14,288,298,295.5,2.3571,9,0.0,0.0,False,0.0,False,0.0,False,0.0
small_molecule,PMEL,298,0.0,14,289,299,296.5,2.3571,9,0.0,0.0,False,0.0,False,0.0,False,0.0
small_molecule,KRAS,299,0.0,14,290,300,297.5,2.3571,9,0.0,0.0,False,0.0,False,0.0,False,0.0
small_molecule,TENT5C,300,0.0,14,291,301,298.5,2.3571,9,0.0,0.0,False,0.0,False,0.0,False,0.0
small_molecule,CD79A,301,0.0,14,292,302,299.5,2.3571,9,0.0,0.0,False,0.0,False,0.0,False,0.0
small_molecule,LPP,302,0.0,14,293,303,300.5,2.3571,9,0.0,0.0,False,0.0,False,0.0,False,0.0
small_molecule,PLXNB2,303,0.0,14,294,304,301.5,2.3571,9,0.0,0.0,False,0.0,False,0.0,False,0.0
small_molecule,SUZ12,304,0.0,14,295,305,302.5,2.3571,9,0.0,0.0,False,0.0,False,0.0,False,0.0
small_molecule,CBFA2T3,305,0.0,14,296,306,303.5,2.3571,9,0.0,0.0,False,0.0,False,0.0,False,0.0
small_molecule,NF2,306,0.0,14,297,307,304.5,2.3571,9,0.0,0.0,False,0.0,False,0.0,False,0.0
small_molecule,MAPK1,307,0.0,14,298,308,305.5,2.3571,9,0.0,0.0,False,0.0,False,0.0,False,0.0
small_molecule,KRT5,308,0.0,14,299,309,306.5,2.3571,9,0.0,0.0,False,0.0,False,0.0,False,0.0
small_molecule,HRAS,309,0.0,14,300,310,307.5,2.3571,9,0.0,0.0,False,0.0,False,0.0,False,0.0
small_molecule,CNOT9,310,0.0,14,301,311,308.5,2.3571,9,0.0,0.0,False,0.0,False,0.0,False,0.0
small_molecule,PDCD1LG2,311,0.0,14,302,312,309.5,2.3571,9,0.0,0.0,False,0.0,False,0.0,False,0.0
small_molecule,SLC24A5,312,0.0,14,303,313,310.5,2.3571,9,0.0,0.0,False,0.0,False,0.0,False,0.0
small_molecule,NOTCH1,313,0.0,14,304,314,311.5,2.3571,9,0.0,0.0,False,0.0,False,0.0,False,0.0
small_molecule,MAP3K1,314,0.0,14,305,315,312.5,2.3571,9,0.0,0.0,False,0.0,False,0.0,False,0.0
small_molecule,CDH1,315,0.0,14,306,316,313.5,2.3571,9,0.0,0.0,False,0.0,False,0.0,False,0.0
small_molecule,BACH2,316,0.0,14,307,317,314.5,2.3571,9,0.0,0.0,False,0.0,False,0.0,False,0.0
small_molecule,KEAP1,317,0.0,14,308,318,315.5,2.3571,9,0.0,0.0,False,0.0,False,0.0,False,0.0
small_molecule,MED12,318,0.0,14,309,319,316.5,2.3571,9,0.0,0.0,False,0.0,False,0.0,False,0.0
small_molecule,H3C2,319,0.0,14,310,320,317.5,2.3571,9,0.0,0.0,False,0.0,False,0.0,False,0.0
small_molecule,TNFRSF17,320,0.0,14,311,321,318.5,2.3571,9,0.0,0.0,False,0.0,False,0.0,False,0.0
small_molecule,PIK3CB,321,0.0,14,312,322,319.5,2.3571,9,0.0,0.0,False,0.0,False,0.0,False,0.0
small_molecule,FBXW7,322,0.0,14,313,323,320.5,2.3571,9,0.0,0.0,False,0.0,False,0.0,False,0.0
small_molecule,NFE2L2,323,0.0,14,314,324,321.5,2.3571,9,0.0,0.0,False,0.0,False,0.0,False,0.0
small_molecule,ABL1,324,0.0,14,315,325,322.5,2.3571,9,0.0,0.0,False,0.0,False,0.0,False,0.0
small_molecule,CLPTM1L,325,0.0,14,316,326,323.5,2.3571,9,0.0,0.0,False,0.0,False,0.0,False,0.0
small_molecule,ASPSCR1,326,0.0,14,317,327,324.5,2.3571,9,0.0,0.0,False,0.0,False,0.0,False,0.0
small_molecule,CD8A,327,0.0,14,318,328,325.5,2.3571,9,0.0,0.0,False,0.0,False,0.0,False,0.0
small_molecule,CXCL9,328,0.0,14,319,329,326.5,2.3571,9,0.0,0.0,False,0.0,False,0.0,False,0.0
small_molecule,FOXP3,329,0.0,14,320,330,327.5,2.3571,9,0.0,0.0,False,0.0,False,0.0,False,0.0
small_molecule,GZMB,330,0.0,14,321,331,328.5,2.3571,9,0.0,0.0,False,0.0,False,0.0,False,0.0
small_molecule,TNFRSF18,331,0.0,14,43,331,218.6429,112.3571,288,0.0011,0.0032,False,0.0,False,0.0,False,0.0
